qseqid	sseqid	pident	length	mismatch	gapopen	qstart	qend	sstart	send	evalue	bitscore	qlen	slen	task	db
SMPL=KA3|ORG=Aegilops_kotschyi|GENOMES=None|ITER=3|RANK=1|ORIG=CL1_TR_1_x_118nt	triticeae_F21FTSEUHT1241|sample|KA3|SMPL=KA3|ORG=Aegilops_kotschyi|GENOMES=None|ITER=3|RANK=1|ORIG=CL1_TR_1_x_118nt	100.0	118	0	0	1	118	1	118	3.34e-60	219.0	118	118	megablast	local
SMPL=KA3|ORG=Aegilops_kotschyi|GENOMES=None|ITER=3|RANK=1|ORIG=CL1_TR_1_x_118nt	triticeae_F21FTSEUHT1241|sample|KA2|SMPL=KA2|ORG=Aegilops_sharonesis|GENOMES=None|ITER=1|RANK=1|ORIG=CL1_TR_1_x_118nt	98.305	118	2	0	1	118	1	118	7.220000000000001e-57	207.0	118	118	megablast	local
SMPL=KA3|ORG=Aegilops_kotschyi|GENOMES=None|ITER=3|RANK=1|ORIG=CL1_TR_1_x_118nt	triticeae_F21FTSEUHT1241|sample|KA1|SMPL=KA1|ORG=Aegilops_bicoris|GENOMES=None|ITER=3|RANK=1|ORIG=CL1_TR_1_x_118nt	99.048	105	1	0	1	105	14	118	2.62e-51	189.0	118	118	megablast	local
SMPL=KA3|ORG=Aegilops_kotschyi|GENOMES=None|ITER=3|RANK=1|ORIG=CL1_TR_1_x_118nt	triticeae_F21FTSEUHT1241|sample|KA1|SMPL=KA1|ORG=Aegilops_bicoris|GENOMES=None|ITER=1|RANK=1|ORIG=CL5_TR_1_x_118nt	97.17	106	3	0	1	106	13	118	1.57e-48	180.0	118	118	megablast	local
SMPL=KA3|ORG=Aegilops_kotschyi|GENOMES=None|ITER=3|RANK=1|ORIG=CL1_TR_1_x_118nt	triticeae_F21FTSEUHT1241|comparative|KA1_KA2|SMPL=KA1_KA2|ORG=None|GENOMES=None|ITER=1|RANK=1|ORIG=CL1_TR_1_x_118nt	97.115	104	3	0	15	118	1	104	2.04e-47	176.0	118	118	megablast	local
SMPL=KA3|ORG=Aegilops_kotschyi|GENOMES=None|ITER=3|RANK=1|ORIG=CL1_TR_1_x_118nt	triticeae_F21FTSEUHT1241|sample|KA2|SMPL=KA2|ORG=Aegilops_sharonesis|GENOMES=None|ITER=3|RANK=1|ORIG=CL1_TR_1_x_118nt	95.283	106	5	0	1	106	13	118	3.41e-45	169.0	118	118	megablast	local
SMPL=KA3|ORG=Aegilops_kotschyi|GENOMES=None|ITER=3|RANK=1|ORIG=CL1_TR_1_x_118nt	triticeae_F21FTSEUHT1241|sample|KA1|SMPL=KA1|ORG=Aegilops_bicoris|GENOMES=None|ITER=2|RANK=1|ORIG=CL1_TR_1_x_118nt	97.917	96	2	0	1	96	96	1	1.23e-44	167.0	118	118	megablast	local
SMPL=KA3|ORG=Aegilops_kotschyi|GENOMES=None|ITER=3|RANK=1|ORIG=CL1_TR_1_x_118nt	triticeae_F21FTSEUHT1241|sample|KA3|SMPL=KA3|ORG=Aegilops_kotschyi|GENOMES=None|ITER=1|RANK=1|ORIG=CL12_TR_1_x_118nt	97.849	93	2	0	1	93	93	1	5.700000000000001e-43	161.0	118	118	megablast	local
SMPL=KA3|ORG=Aegilops_kotschyi|GENOMES=None|ITER=3|RANK=1|ORIG=CL1_TR_1_x_118nt	triticeae_F21FTSEUHT1241|sample|KA4|SMPL=KA4|ORG=Aegilops_caudata_markgrafii|GENOMES=None|ITER=3|RANK=1|ORIG=CL1_TR_1_x_118nt	98.78	82	1	0	1	82	82	1	1.6e-38	147.0	118	118	megablast	local
SMPL=KA3|ORG=Aegilops_kotschyi|GENOMES=None|ITER=3|RANK=1|ORIG=CL1_TR_1_x_118nt	triticeae_F21FTSEUHT1241|sample|KA4|SMPL=KA4|ORG=Aegilops_caudata_markgrafii|GENOMES=None|ITER=2|RANK=1|ORIG=CL1_TR_1_x_118nt	97.647	85	2	0	34	118	1	85	1.6e-38	147.0	118	118	megablast	local
SMPL=KA3|ORG=Aegilops_kotschyi|GENOMES=None|ITER=3|RANK=1|ORIG=CL1_TR_1_x_118nt	triticeae_F21FTSEUHT1241|sample|KA4|SMPL=KA4|ORG=Aegilops_caudata_markgrafii|GENOMES=None|ITER=2|RANK=1|ORIG=CL1_TR_1_x_118nt	100.0	33	0	0	1	33	86	118	5.95e-13	62.1	118	118	megablast	local
SMPL=KA3|ORG=Aegilops_kotschyi|GENOMES=None|ITER=3|RANK=1|ORIG=CL1_TR_1_x_118nt	triticeae_F21FTSEUHT1241|sample|KA3|SMPL=KA3|ORG=Aegilops_kotschyi|GENOMES=None|ITER=2|RANK=1|ORIG=CL1_TR_1_x_118nt	97.059	68	2	0	1	68	68	1	4.5000000000000004e-29	115.0	118	118	megablast	local
SMPL=KA3|ORG=Aegilops_kotschyi|GENOMES=None|ITER=3|RANK=1|ORIG=CL1_TR_1_x_118nt	triticeae_F21FTSEUHT1241|sample|KA3|SMPL=KA3|ORG=Aegilops_kotschyi|GENOMES=None|ITER=2|RANK=1|ORIG=CL1_TR_1_x_118nt	98.0	50	1	0	69	118	118	69	9.82e-21	87.9	118	118	megablast	local
SMPL=KA3|ORG=Aegilops_kotschyi|GENOMES=None|ITER=3|RANK=1|ORIG=CL1_TR_1_x_118nt	triticeae_F21FTSEUHT1241|sample|KA4|SMPL=KA4|ORG=Aegilops_caudata_markgrafii|GENOMES=None|ITER=1|RANK=1|ORIG=CL35_TR_1_x_118nt	100.0	61	0	0	1	61	53	113	1.62e-28	113.0	118	118	megablast	local
SMPL=KA3|ORG=Aegilops_kotschyi|GENOMES=None|ITER=3|RANK=1|ORIG=CL1_TR_1_x_118nt	triticeae_F21FTSEUHT1241|sample|KA2|SMPL=KA2|ORG=Aegilops_sharonesis|GENOMES=None|ITER=2|RANK=1|ORIG=CL1_TR_1_x_118nt	100.0	61	0	0	1	61	58	118	1.62e-28	113.0	118	118	megablast	local
SMPL=KA3|ORG=Aegilops_kotschyi|GENOMES=None|ITER=3|RANK=1|ORIG=CL1_TR_1_x_118nt	triticeae_F21FTSEUHT1241|sample|KA2|SMPL=KA2|ORG=Aegilops_sharonesis|GENOMES=None|ITER=2|RANK=1|ORIG=CL1_TR_1_x_118nt	96.491	57	2	0	62	118	1	57	5.869999999999999e-23	95.3	118	118	megablast	local
SMPL=KA3|ORG=Aegilops_kotschyi|GENOMES=None|ITER=3|RANK=1|ORIG=CL1_TR_1_x_118nt	triticeae_F21FTSEUHT1241|comparative|KA2_KA3|SMPL=KA2_KA3|ORG=None|GENOMES=None|ITER=1|RANK=1|ORIG=CL3_TR_1_x_118nt	97.015	67	2	0	52	118	118	52	1.62e-28	113.0	118	118	megablast	local
SMPL=KA3|ORG=Aegilops_kotschyi|GENOMES=None|ITER=3|RANK=1|ORIG=CL1_TR_1_x_118nt	triticeae_F21FTSEUHT1241|comparative|KA2_KA3|SMPL=KA2_KA3|ORG=None|GENOMES=None|ITER=1|RANK=1|ORIG=CL3_TR_1_x_118nt	100.0	51	0	0	1	51	51	1	5.869999999999999e-23	95.3	118	118	megablast	local
SMPL=KA3|ORG=Aegilops_kotschyi|GENOMES=None|ITER=3|RANK=1|ORIG=CL1_TR_1_x_118nt	triticeae_F21FTSEUHT1241|sample|KA5|SMPL=KA5|ORG=Aegilops_caudata_markgrafii|GENOMES=None|ITER=3|RANK=1|ORIG=CL1_TR_1_x_118nt	100.0	38	0	0	1	38	81	118	9.89e-16	71.3	118	118	megablast	local
SMPL=KA3|ORG=Aegilops_kotschyi|GENOMES=None|ITER=3|RANK=1|ORIG=CL1_TR_1_x_118nt	triticeae_F21FTSEUHT1241|sample|KA5|SMPL=KA5|ORG=Aegilops_caudata_markgrafii|GENOMES=None|ITER=1|RANK=1|ORIG=CL45_TR_1_x_118nt	100.0	38	0	0	1	38	81	118	9.89e-16	71.3	118	118	megablast	local
SMPL=KA3|ORG=Aegilops_kotschyi|GENOMES=None|ITER=2|RANK=1|ORIG=CL1_TR_1_x_118nt	triticeae_F21FTSEUHT1241|sample|KA3|SMPL=KA3|ORG=Aegilops_kotschyi|GENOMES=None|ITER=2|RANK=1|ORIG=CL1_TR_1_x_118nt	100.0	118	0	0	1	118	1	118	3.34e-60	219.0	118	118	megablast	local
SMPL=KA3|ORG=Aegilops_kotschyi|GENOMES=None|ITER=2|RANK=1|ORIG=CL1_TR_1_x_118nt	triticeae_F21FTSEUHT1241|sample|KA2|SMPL=KA2|ORG=Aegilops_sharonesis|GENOMES=None|ITER=2|RANK=1|ORIG=CL1_TR_1_x_118nt	99.099	111	1	0	8	118	118	8	1.2099999999999998e-54	200.0	118	118	megablast	local
SMPL=KA3|ORG=Aegilops_kotschyi|GENOMES=None|ITER=2|RANK=1|ORIG=CL1_TR_1_x_118nt	triticeae_F21FTSEUHT1241|sample|KA4|SMPL=KA4|ORG=Aegilops_caudata_markgrafii|GENOMES=None|ITER=1|RANK=1|ORIG=CL35_TR_1_x_118nt	97.414	116	3	0	3	118	118	3	4.3499999999999994e-54	198.0	118	118	megablast	local
SMPL=KA3|ORG=Aegilops_kotschyi|GENOMES=None|ITER=2|RANK=1|ORIG=CL1_TR_1_x_118nt	triticeae_F21FTSEUHT1241|sample|KA4|SMPL=KA4|ORG=Aegilops_caudata_markgrafii|GENOMES=None|ITER=3|RANK=1|ORIG=CL1_TR_1_x_118nt	98.077	104	2	0	1	104	15	118	4.38e-49	182.0	118	118	megablast	local
SMPL=KA3|ORG=Aegilops_kotschyi|GENOMES=None|ITER=2|RANK=1|ORIG=CL1_TR_1_x_118nt	triticeae_F21FTSEUHT1241|comparative|KA2_KA3|SMPL=KA2_KA3|ORG=None|GENOMES=None|ITER=1|RANK=1|ORIG=CL3_TR_1_x_118nt	99.01	101	1	0	18	118	1	101	4.38e-49	182.0	118	118	megablast	local
SMPL=KA3|ORG=Aegilops_kotschyi|GENOMES=None|ITER=2|RANK=1|ORIG=CL1_TR_1_x_118nt	triticeae_F21FTSEUHT1241|sample|KA3|SMPL=KA3|ORG=Aegilops_kotschyi|GENOMES=None|ITER=1|RANK=1|ORIG=CL12_TR_1_x_118nt	100.0	93	0	0	1	93	26	118	2.64e-46	172.0	118	118	megablast	local
SMPL=KA3|ORG=Aegilops_kotschyi|GENOMES=None|ITER=2|RANK=1|ORIG=CL1_TR_1_x_118nt	triticeae_F21FTSEUHT1241|sample|KA5|SMPL=KA5|ORG=Aegilops_caudata_markgrafii|GENOMES=None|ITER=3|RANK=1|ORIG=CL1_TR_1_x_118nt	97.727	88	2	0	31	118	118	31	3.43e-40	152.0	118	118	megablast	local
SMPL=KA3|ORG=Aegilops_kotschyi|GENOMES=None|ITER=2|RANK=1|ORIG=CL1_TR_1_x_118nt	triticeae_F21FTSEUHT1241|sample|KA5|SMPL=KA5|ORG=Aegilops_caudata_markgrafii|GENOMES=None|ITER=3|RANK=1|ORIG=CL1_TR_1_x_118nt	100.0	30	0	0	1	30	30	1	2.77e-11	56.5	118	118	megablast	local
SMPL=KA3|ORG=Aegilops_kotschyi|GENOMES=None|ITER=2|RANK=1|ORIG=CL1_TR_1_x_118nt	triticeae_F21FTSEUHT1241|sample|KA5|SMPL=KA5|ORG=Aegilops_caudata_markgrafii|GENOMES=None|ITER=1|RANK=1|ORIG=CL45_TR_1_x_118nt	97.727	88	2	0	31	118	118	31	3.43e-40	152.0	118	118	megablast	local
SMPL=KA3|ORG=Aegilops_kotschyi|GENOMES=None|ITER=2|RANK=1|ORIG=CL1_TR_1_x_118nt	triticeae_F21FTSEUHT1241|sample|KA4|SMPL=KA4|ORG=Aegilops_caudata_markgrafii|GENOMES=None|ITER=2|RANK=1|ORIG=CL1_TR_1_x_118nt	100.0	82	0	0	37	118	117	36	3.43e-40	152.0	118	118	megablast	local
SMPL=KA3|ORG=Aegilops_kotschyi|GENOMES=None|ITER=2|RANK=1|ORIG=CL1_TR_1_x_118nt	triticeae_F21FTSEUHT1241|sample|KA4|SMPL=KA4|ORG=Aegilops_caudata_markgrafii|GENOMES=None|ITER=2|RANK=1|ORIG=CL1_TR_1_x_118nt	100.0	35	0	0	1	35	35	1	4.6e-14	65.8	118	118	megablast	local
SMPL=KA3|ORG=Aegilops_kotschyi|GENOMES=None|ITER=2|RANK=1|ORIG=CL1_TR_1_x_118nt	triticeae_F21FTSEUHT1241|sample|KA1|SMPL=KA1|ORG=Aegilops_bicoris|GENOMES=None|ITER=2|RANK=1|ORIG=CL1_TR_1_x_118nt	96.667	90	3	0	1	90	29	118	1.23e-39	150.0	118	118	megablast	local
SMPL=KA3|ORG=Aegilops_kotschyi|GENOMES=None|ITER=2|RANK=1|ORIG=CL1_TR_1_x_118nt	triticeae_F21FTSEUHT1241|sample|KA1|SMPL=KA1|ORG=Aegilops_bicoris|GENOMES=None|ITER=2|RANK=1|ORIG=CL1_TR_1_x_118nt	100.0	28	0	0	91	118	1	28	3.58e-10	52.8	118	118	megablast	local
SMPL=KA3|ORG=Aegilops_kotschyi|GENOMES=None|ITER=2|RANK=1|ORIG=CL1_TR_1_x_118nt	triticeae_F21FTSEUHT1241|sample|KA1|SMPL=KA1|ORG=Aegilops_bicoris|GENOMES=None|ITER=3|RANK=1|ORIG=CL1_TR_1_x_118nt	98.765	81	1	0	1	81	81	1	5.74e-38	145.0	118	118	megablast	local
SMPL=KA3|ORG=Aegilops_kotschyi|GENOMES=None|ITER=2|RANK=1|ORIG=CL1_TR_1_x_118nt	triticeae_F21FTSEUHT1241|sample|KA1|SMPL=KA1|ORG=Aegilops_bicoris|GENOMES=None|ITER=3|RANK=1|ORIG=CL1_TR_1_x_118nt	100.0	37	0	0	82	118	118	82	3.56e-15	69.4	118	118	megablast	local
SMPL=KA3|ORG=Aegilops_kotschyi|GENOMES=None|ITER=2|RANK=1|ORIG=CL1_TR_1_x_118nt	triticeae_F21FTSEUHT1241|sample|KA1|SMPL=KA1|ORG=Aegilops_bicoris|GENOMES=None|ITER=1|RANK=1|ORIG=CL5_TR_1_x_118nt	98.75	80	1	0	1	80	80	1	2.0700000000000003e-37	143.0	118	118	megablast	local
SMPL=KA3|ORG=Aegilops_kotschyi|GENOMES=None|ITER=2|RANK=1|ORIG=CL1_TR_1_x_118nt	triticeae_F21FTSEUHT1241|sample|KA1|SMPL=KA1|ORG=Aegilops_bicoris|GENOMES=None|ITER=1|RANK=1|ORIG=CL5_TR_1_x_118nt	100.0	38	0	0	81	118	118	81	9.89e-16	71.3	118	118	megablast	local
SMPL=KA3|ORG=Aegilops_kotschyi|GENOMES=None|ITER=2|RANK=1|ORIG=CL1_TR_1_x_118nt	triticeae_F21FTSEUHT1241|sample|KA2|SMPL=KA2|ORG=Aegilops_sharonesis|GENOMES=None|ITER=3|RANK=1|ORIG=CL1_TR_1_x_118nt	97.5	80	2	0	1	80	80	1	9.61e-36	137.0	118	118	megablast	local
SMPL=KA3|ORG=Aegilops_kotschyi|GENOMES=None|ITER=2|RANK=1|ORIG=CL1_TR_1_x_118nt	triticeae_F21FTSEUHT1241|sample|KA2|SMPL=KA2|ORG=Aegilops_sharonesis|GENOMES=None|ITER=1|RANK=1|ORIG=CL1_TR_1_x_118nt	98.529	68	1	0	1	68	68	1	9.68e-31	121.0	118	118	megablast	local
SMPL=KA3|ORG=Aegilops_kotschyi|GENOMES=None|ITER=2|RANK=1|ORIG=CL1_TR_1_x_118nt	triticeae_F21FTSEUHT1241|sample|KA2|SMPL=KA2|ORG=Aegilops_sharonesis|GENOMES=None|ITER=1|RANK=1|ORIG=CL1_TR_1_x_118nt	100.0	50	0	0	69	118	118	69	2.11e-22	93.5	118	118	megablast	local
SMPL=KA3|ORG=Aegilops_kotschyi|GENOMES=None|ITER=2|RANK=1|ORIG=CL1_TR_1_x_118nt	triticeae_F21FTSEUHT1241|comparative|KA1_KA2|SMPL=KA1_KA2|ORG=None|GENOMES=None|ITER=1|RANK=1|ORIG=CL1_TR_1_x_118nt	100.0	64	0	0	55	118	118	55	3.48e-30	119.0	118	118	megablast	local
SMPL=KA3|ORG=Aegilops_kotschyi|GENOMES=None|ITER=2|RANK=1|ORIG=CL1_TR_1_x_118nt	triticeae_F21FTSEUHT1241|comparative|KA1_KA2|SMPL=KA1_KA2|ORG=None|GENOMES=None|ITER=1|RANK=1|ORIG=CL1_TR_1_x_118nt	100.0	54	0	0	1	54	54	1	1.26e-24	100.0	118	118	megablast	local
SMPL=KA3|ORG=Aegilops_kotschyi|GENOMES=None|ITER=2|RANK=1|ORIG=CL1_TR_1_x_118nt	triticeae_F21FTSEUHT1241|sample|KA3|SMPL=KA3|ORG=Aegilops_kotschyi|GENOMES=None|ITER=3|RANK=1|ORIG=CL1_TR_1_x_118nt	97.059	68	2	0	1	68	68	1	4.5000000000000004e-29	115.0	118	118	megablast	local
SMPL=KA3|ORG=Aegilops_kotschyi|GENOMES=None|ITER=2|RANK=1|ORIG=CL1_TR_1_x_118nt	triticeae_F21FTSEUHT1241|sample|KA3|SMPL=KA3|ORG=Aegilops_kotschyi|GENOMES=None|ITER=3|RANK=1|ORIG=CL1_TR_1_x_118nt	98.0	50	1	0	69	118	118	69	9.82e-21	87.9	118	118	megablast	local
SMPL=KA3|ORG=Aegilops_kotschyi|GENOMES=None|ITER=1|RANK=3|ORIG=CL25_TR_1_x_551nt	triticeae_F21FTSEUHT1241|sample|KA3|SMPL=KA3|ORG=Aegilops_kotschyi|GENOMES=None|ITER=1|RANK=3|ORIG=CL25_TR_1_x_551nt	100.0	551	0	0	1	551	1	551	0.0	1018.0	551	551	megablast	local
SMPL=KA3|ORG=Aegilops_kotschyi|GENOMES=None|ITER=1|RANK=3|ORIG=CL25_TR_1_x_551nt	triticeae_F21FTSEUHT1241|comparative|KA2_KA3|SMPL=KA2_KA3|ORG=None|GENOMES=None|ITER=1|RANK=3|ORIG=CL35_TR_1_x_553nt	99.093	551	3	1	3	551	3	553	0.0	989.0	551	553	megablast	local
SMPL=KA3|ORG=Aegilops_kotschyi|GENOMES=None|ITER=1|RANK=3|ORIG=CL25_TR_1_x_551nt	triticeae_F21FTSEUHT1241|sample|KA4|SMPL=KA4|ORG=Aegilops_caudata_markgrafii|GENOMES=None|ITER=1|RANK=2|ORIG=CL68_TR_1_x_582nt	98.864	264	3	0	3	266	319	582	1.18e-135	472.0	551	582	megablast	local
SMPL=KA3|ORG=Aegilops_kotschyi|GENOMES=None|ITER=1|RANK=3|ORIG=CL25_TR_1_x_551nt	triticeae_F21FTSEUHT1241|sample|KA4|SMPL=KA4|ORG=Aegilops_caudata_markgrafii|GENOMES=None|ITER=1|RANK=2|ORIG=CL68_TR_1_x_582nt	96.727	275	9	0	267	541	1	275	9.22e-132	459.0	551	582	megablast	local
SMPL=KA3|ORG=Aegilops_kotschyi|GENOMES=None|ITER=1|RANK=3|ORIG=CL25_TR_1_x_551nt	triticeae_F21FTSEUHT1241|sample|KA1|SMPL=KA1|ORG=Aegilops_bicoris|GENOMES=None|ITER=1|RANK=2|ORIG=CL25_TR_1_x_580nt	94.502	291	13	2	35	322	290	580	7.179999999999999e-128	446.0	551	580	megablast	local
SMPL=KA3|ORG=Aegilops_kotschyi|GENOMES=None|ITER=1|RANK=3|ORIG=CL25_TR_1_x_551nt	triticeae_F21FTSEUHT1241|sample|KA1|SMPL=KA1|ORG=Aegilops_bicoris|GENOMES=None|ITER=1|RANK=2|ORIG=CL25_TR_1_x_580nt	98.63	219	3	0	323	541	1	219	1.2300000000000001e-110	388.0	551	580	megablast	local
SMPL=KA3|ORG=Aegilops_kotschyi|GENOMES=None|ITER=1|RANK=1|ORIG=CL12_TR_1_x_118nt	triticeae_F21FTSEUHT1241|sample|KA3|SMPL=KA3|ORG=Aegilops_kotschyi|GENOMES=None|ITER=1|RANK=1|ORIG=CL12_TR_1_x_118nt	100.0	118	0	0	1	118	1	118	3.34e-60	219.0	118	118	megablast	local
SMPL=KA3|ORG=Aegilops_kotschyi|GENOMES=None|ITER=1|RANK=1|ORIG=CL12_TR_1_x_118nt	triticeae_F21FTSEUHT1241|sample|KA1|SMPL=KA1|ORG=Aegilops_bicoris|GENOMES=None|ITER=2|RANK=1|ORIG=CL1_TR_1_x_118nt	97.391	115	3	0	1	115	4	118	1.56e-53	196.0	118	118	megablast	local
SMPL=KA3|ORG=Aegilops_kotschyi|GENOMES=None|ITER=1|RANK=1|ORIG=CL12_TR_1_x_118nt	triticeae_F21FTSEUHT1241|sample|KA4|SMPL=KA4|ORG=Aegilops_caudata_markgrafii|GENOMES=None|ITER=3|RANK=1|ORIG=CL1_TR_1_x_118nt	99.065	107	1	0	12	118	1	107	2.02e-52	193.0	118	118	megablast	local
SMPL=KA3|ORG=Aegilops_kotschyi|GENOMES=None|ITER=1|RANK=1|ORIG=CL12_TR_1_x_118nt	triticeae_F21FTSEUHT1241|sample|KA1|SMPL=KA1|ORG=Aegilops_bicoris|GENOMES=None|ITER=3|RANK=1|ORIG=CL1_TR_1_x_118nt	99.057	106	1	0	1	106	106	1	7.269999999999999e-52	191.0	118	118	megablast	local
SMPL=KA3|ORG=Aegilops_kotschyi|GENOMES=None|ITER=1|RANK=1|ORIG=CL12_TR_1_x_118nt	triticeae_F21FTSEUHT1241|sample|KA1|SMPL=KA1|ORG=Aegilops_bicoris|GENOMES=None|ITER=1|RANK=1|ORIG=CL5_TR_1_x_118nt	99.048	105	1	0	1	105	105	1	2.62e-51	189.0	118	118	megablast	local
SMPL=KA3|ORG=Aegilops_kotschyi|GENOMES=None|ITER=1|RANK=1|ORIG=CL12_TR_1_x_118nt	triticeae_F21FTSEUHT1241|sample|KA2|SMPL=KA2|ORG=Aegilops_sharonesis|GENOMES=None|ITER=3|RANK=1|ORIG=CL1_TR_1_x_118nt	98.058	103	2	0	3	105	103	1	1.57e-48	180.0	118	118	megablast	local
SMPL=KA3|ORG=Aegilops_kotschyi|GENOMES=None|ITER=1|RANK=1|ORIG=CL12_TR_1_x_118nt	triticeae_F21FTSEUHT1241|sample|KA3|SMPL=KA3|ORG=Aegilops_kotschyi|GENOMES=None|ITER=2|RANK=1|ORIG=CL1_TR_1_x_118nt	100.0	93	0	0	26	118	1	93	2.64e-46	172.0	118	118	megablast	local
SMPL=KA3|ORG=Aegilops_kotschyi|GENOMES=None|ITER=1|RANK=1|ORIG=CL12_TR_1_x_118nt	triticeae_F21FTSEUHT1241|sample|KA2|SMPL=KA2|ORG=Aegilops_sharonesis|GENOMES=None|ITER=1|RANK=1|ORIG=CL1_TR_1_x_118nt	98.925	93	1	0	1	93	93	1	1.23e-44	167.0	118	118	megablast	local
SMPL=KA3|ORG=Aegilops_kotschyi|GENOMES=None|ITER=1|RANK=1|ORIG=CL12_TR_1_x_118nt	triticeae_F21FTSEUHT1241|sample|KA3|SMPL=KA3|ORG=Aegilops_kotschyi|GENOMES=None|ITER=3|RANK=1|ORIG=CL1_TR_1_x_118nt	97.849	93	2	0	1	93	93	1	5.700000000000001e-43	161.0	118	118	megablast	local
SMPL=KA3|ORG=Aegilops_kotschyi|GENOMES=None|ITER=1|RANK=1|ORIG=CL12_TR_1_x_118nt	triticeae_F21FTSEUHT1241|sample|KA4|SMPL=KA4|ORG=Aegilops_caudata_markgrafii|GENOMES=None|ITER=1|RANK=1|ORIG=CL35_TR_1_x_118nt	97.802	91	2	0	28	118	118	28	7.379999999999999e-42	158.0	118	118	megablast	local
SMPL=KA3|ORG=Aegilops_kotschyi|GENOMES=None|ITER=1|RANK=1|ORIG=CL12_TR_1_x_118nt	triticeae_F21FTSEUHT1241|sample|KA2|SMPL=KA2|ORG=Aegilops_sharonesis|GENOMES=None|ITER=2|RANK=1|ORIG=CL1_TR_1_x_118nt	98.837	86	1	0	33	118	118	33	9.539999999999999e-41	154.0	118	118	megablast	local
SMPL=KA3|ORG=Aegilops_kotschyi|GENOMES=None|ITER=1|RANK=1|ORIG=CL12_TR_1_x_118nt	triticeae_F21FTSEUHT1241|sample|KA2|SMPL=KA2|ORG=Aegilops_sharonesis|GENOMES=None|ITER=2|RANK=1|ORIG=CL1_TR_1_x_118nt	100.0	32	0	0	1	32	32	1	2.14e-12	60.2	118	118	megablast	local
SMPL=KA3|ORG=Aegilops_kotschyi|GENOMES=None|ITER=1|RANK=1|ORIG=CL12_TR_1_x_118nt	triticeae_F21FTSEUHT1241|comparative|KA1_KA2|SMPL=KA1_KA2|ORG=None|GENOMES=None|ITER=1|RANK=1|ORIG=CL1_TR_1_x_118nt	100.0	79	0	0	1	79	79	1	1.6e-38	147.0	118	118	megablast	local
SMPL=KA3|ORG=Aegilops_kotschyi|GENOMES=None|ITER=1|RANK=1|ORIG=CL12_TR_1_x_118nt	triticeae_F21FTSEUHT1241|comparative|KA1_KA2|SMPL=KA1_KA2|ORG=None|GENOMES=None|ITER=1|RANK=1|ORIG=CL1_TR_1_x_118nt	100.0	39	0	0	80	118	118	80	2.75e-16	73.1	118	118	megablast	local
SMPL=KA3|ORG=Aegilops_kotschyi|GENOMES=None|ITER=1|RANK=1|ORIG=CL12_TR_1_x_118nt	triticeae_F21FTSEUHT1241|comparative|KA2_KA3|SMPL=KA2_KA3|ORG=None|GENOMES=None|ITER=1|RANK=1|ORIG=CL3_TR_1_x_118nt	98.684	76	1	0	43	118	1	76	3.46e-35	135.0	118	118	megablast	local
SMPL=KA3|ORG=Aegilops_kotschyi|GENOMES=None|ITER=1|RANK=1|ORIG=CL12_TR_1_x_118nt	triticeae_F21FTSEUHT1241|comparative|KA2_KA3|SMPL=KA2_KA3|ORG=None|GENOMES=None|ITER=1|RANK=1|ORIG=CL3_TR_1_x_118nt	100.0	42	0	0	1	42	77	118	5.91e-18	78.7	118	118	megablast	local
SMPL=KA3|ORG=Aegilops_kotschyi|GENOMES=None|ITER=1|RANK=1|ORIG=CL12_TR_1_x_118nt	triticeae_F21FTSEUHT1241|sample|KA5|SMPL=KA5|ORG=Aegilops_caudata_markgrafii|GENOMES=None|ITER=3|RANK=1|ORIG=CL1_TR_1_x_118nt	98.413	63	1	0	56	118	118	56	5.83e-28	111.0	118	118	megablast	local
SMPL=KA3|ORG=Aegilops_kotschyi|GENOMES=None|ITER=1|RANK=1|ORIG=CL12_TR_1_x_118nt	triticeae_F21FTSEUHT1241|sample|KA5|SMPL=KA5|ORG=Aegilops_caudata_markgrafii|GENOMES=None|ITER=3|RANK=1|ORIG=CL1_TR_1_x_118nt	100.0	52	0	0	4	55	52	1	1.6299999999999997e-23	97.1	118	118	megablast	local
SMPL=KA3|ORG=Aegilops_kotschyi|GENOMES=None|ITER=1|RANK=1|ORIG=CL12_TR_1_x_118nt	triticeae_F21FTSEUHT1241|sample|KA5|SMPL=KA5|ORG=Aegilops_caudata_markgrafii|GENOMES=None|ITER=1|RANK=1|ORIG=CL45_TR_1_x_118nt	98.413	63	1	0	56	118	118	56	5.83e-28	111.0	118	118	megablast	local
SMPL=KA3|ORG=Aegilops_kotschyi|GENOMES=None|ITER=1|RANK=1|ORIG=CL12_TR_1_x_118nt	triticeae_F21FTSEUHT1241|sample|KA4|SMPL=KA4|ORG=Aegilops_caudata_markgrafii|GENOMES=None|ITER=2|RANK=1|ORIG=CL1_TR_1_x_118nt	100.0	60	0	0	1	60	60	1	5.83e-28	111.0	118	118	megablast	local
SMPL=KA3|ORG=Aegilops_kotschyi|GENOMES=None|ITER=1|RANK=1|ORIG=CL12_TR_1_x_118nt	triticeae_F21FTSEUHT1241|sample|KA4|SMPL=KA4|ORG=Aegilops_caudata_markgrafii|GENOMES=None|ITER=2|RANK=1|ORIG=CL1_TR_1_x_118nt	100.0	57	0	0	62	118	117	61	2.7100000000000004e-26	106.0	118	118	megablast	local
SMPL=KA3|ORG=Aegilops_kotschyi|GENOMES=None|ITER=1|RANK=2|ORIG=CL58_TR_1_x_504nt	triticeae_F21FTSEUHT1241|sample|KA3|SMPL=KA3|ORG=Aegilops_kotschyi|GENOMES=None|ITER=1|RANK=2|ORIG=CL58_TR_1_x_504nt	100.0	504	0	0	1	504	1	504	0.0	931.0	504	504	megablast	local
SMPL=KA3|ORG=Aegilops_kotschyi|GENOMES=None|ITER=1|RANK=2|ORIG=CL58_TR_1_x_504nt	triticeae_F21FTSEUHT1241|sample|KA1|SMPL=KA1|ORG=Aegilops_bicoris|GENOMES=None|ITER=1|RANK=3|ORIG=CL56_TR_1_x_503nt	97.796	499	10	1	1	499	498	1	0.0	859.0	504	503	megablast	local
SMPL=KA3|ORG=Aegilops_kotschyi|GENOMES=None|ITER=1|RANK=2|ORIG=CL58_TR_1_x_504nt	triticeae_F21FTSEUHT1241|sample|KA5|SMPL=KA5|ORG=Aegilops_caudata_markgrafii|GENOMES=None|ITER=1|RANK=2|ORIG=CL85_TR_1_x_504nt	94.845	388	18	2	1	387	387	1	1.02e-175	604.0	504	504	megablast	local
SMPL=KA3|ORG=Aegilops_kotschyi|GENOMES=None|ITER=1|RANK=2|ORIG=CL58_TR_1_x_504nt	triticeae_F21FTSEUHT1241|sample|KA5|SMPL=KA5|ORG=Aegilops_caudata_markgrafii|GENOMES=None|ITER=1|RANK=2|ORIG=CL85_TR_1_x_504nt	99.145	117	1	0	388	504	504	388	2.6e-57	211.0	504	504	megablast	local
SMPL=KA3|ORG=Aegilops_kotschyi|GENOMES=None|ITER=1|RANK=2|ORIG=CL58_TR_1_x_504nt	triticeae_F21FTSEUHT1241|comparative|KA2_KA3|SMPL=KA2_KA3|ORG=None|GENOMES=None|ITER=1|RANK=2|ORIG=CL58_TR_1_x_504nt	98.175	274	4	1	231	504	1	273	2.32e-137	477.0	504	504	megablast	local
SMPL=KA3|ORG=Aegilops_kotschyi|GENOMES=None|ITER=1|RANK=2|ORIG=CL58_TR_1_x_504nt	triticeae_F21FTSEUHT1241|comparative|KA2_KA3|SMPL=KA2_KA3|ORG=None|GENOMES=None|ITER=1|RANK=2|ORIG=CL58_TR_1_x_504nt	98.701	231	2	1	1	230	274	504	8.59e-117	409.0	504	504	megablast	local
SMPL=KA3|ORG=Aegilops_kotschyi|GENOMES=None|ITER=1|RANK=2|ORIG=CL94_TR_1_x_74nt	triticeae_F21FTSEUHT1241|sample|KA3|SMPL=KA3|ORG=Aegilops_kotschyi|GENOMES=None|ITER=1|RANK=2|ORIG=CL94_TR_1_x_74nt	100.0	74	0	0	1	74	1	74	5.6600000000000004e-36	137.0	74	74	megablast	local
SMPL=KA3|ORG=Aegilops_kotschyi|GENOMES=None|ITER=1|RANK=2|ORIG=CL94_TR_1_x_74nt	triticeae_F21FTSEUHT1241|sample|KA5|SMPL=KA5|ORG=Aegilops_caudata_markgrafii|GENOMES=None|ITER=1|RANK=1|ORIG=CL81_TR_1_x_74nt	98.63	73	1	0	1	73	73	1	9.47e-34	130.0	74	74	megablast	local
SMPL=KA3|ORG=Aegilops_kotschyi|GENOMES=None|ITER=1|RANK=2|ORIG=CL94_TR_1_x_74nt	triticeae_F21FTSEUHT1241|sample|KA5|SMPL=KA5|ORG=Aegilops_caudata_markgrafii|GENOMES=None|ITER=3|RANK=2|ORIG=CL3_TR_1_x_74nt	100.0	49	0	0	1	49	25	73	4.47e-22	91.6	74	74	megablast	local
SMPL=KA3|ORG=Aegilops_kotschyi|GENOMES=None|ITER=1|RANK=2|ORIG=CL94_TR_1_x_74nt	triticeae_F21FTSEUHT1241|comparative|KA2_KA3|SMPL=KA2_KA3|ORG=None|GENOMES=None|ITER=1|RANK=2|ORIG=CL103_TR_1_x_74nt	100.0	48	0	0	1	48	27	74	1.6100000000000001e-21	89.8	74	74	megablast	local
SMPL=KA3|ORG=Aegilops_kotschyi|GENOMES=None|ITER=1|RANK=2|ORIG=CL94_TR_1_x_74nt	triticeae_F21FTSEUHT1241|sample|KA4|SMPL=KA4|ORG=Aegilops_caudata_markgrafii|GENOMES=None|ITER=1|RANK=2|ORIG=CL91_TR_1_x_74nt	100.0	31	0	0	1	31	31	1	4.53e-12	58.4	74	74	megablast	local
SMPL=KA3|ORG=Aegilops_kotschyi|GENOMES=None|ITER=1|RANK=1|ORIG=CL144_TR_1_x_119nt	triticeae_F21FTSEUHT1241|sample|KA3|SMPL=KA3|ORG=Aegilops_kotschyi|GENOMES=None|ITER=1|RANK=1|ORIG=CL144_TR_1_x_119nt	100.0	119	0	0	1	119	1	119	9.369999999999999e-61	220.0	119	119	megablast	local
SMPL=KA3|ORG=Aegilops_kotschyi|GENOMES=None|ITER=1|RANK=1|ORIG=CL144_TR_1_x_119nt	triticeae_F21FTSEUHT1241|sample|KA1|SMPL=KA1|ORG=Aegilops_bicoris|GENOMES=None|ITER=2|RANK=2|ORIG=CL161_TR_1_x_119nt	98.214	112	2	0	1	112	112	1	1.58e-53	196.0	119	119	megablast	local
SMPL=KA3|ORG=Aegilops_kotschyi|GENOMES=None|ITER=1|RANK=1|ORIG=CL144_TR_1_x_119nt	triticeae_F21FTSEUHT1241|sample|KA3|SMPL=KA3|ORG=Aegilops_kotschyi|GENOMES=None|ITER=2|RANK=2|ORIG=CL33_TR_1_x_90nt	92.683	82	6	0	32	113	9	90	3.52e-30	119.0	119	90	megablast	local
SMPL=KA3|ORG=Aegilops_kotschyi|GENOMES=None|ITER=1|RANK=1|ORIG=CL144_TR_1_x_119nt	triticeae_F21FTSEUHT1241|comparative|KA2_KA3|SMPL=KA2_KA3|ORG=None|GENOMES=None|ITER=1|RANK=2|ORIG=CL154_TR_1_x_90nt	87.692	65	8	0	32	96	65	1	2.15e-17	76.8	119	90	megablast	local
SMPL=KA3|ORG=Aegilops_kotschyi|GENOMES=None|ITER=1|RANK=1|ORIG=CL144_TR_1_x_119nt	triticeae_F21FTSEUHT1241|comparative|KA2_KA3|SMPL=KA2_KA3|ORG=None|GENOMES=None|ITER=1|RANK=2|ORIG=CL154_TR_1_x_90nt	93.478	46	3	0	1	46	67	22	3.59e-15	69.4	119	90	megablast	local
SMPL=KA3|ORG=Aegilops_kotschyi|GENOMES=None|ITER=1|RANK=1|ORIG=CL144_TR_1_x_119nt	triticeae_F21FTSEUHT1241|sample|KA2|SMPL=KA2|ORG=Aegilops_sharonesis|GENOMES=None|ITER=1|RANK=2|ORIG=CL164_TR_1_x_90nt	100.0	37	0	0	83	119	90	54	3.59e-15	69.4	119	90	megablast	local
SMPL=KA3|ORG=Aegilops_kotschyi|GENOMES=None|ITER=1|RANK=1|ORIG=CL144_TR_1_x_119nt	triticeae_F21FTSEUHT1241|sample|KA2|SMPL=KA2|ORG=Aegilops_sharonesis|GENOMES=None|ITER=1|RANK=2|ORIG=CL164_TR_1_x_90nt	91.304	46	4	0	1	46	53	8	1.67e-13	63.9	119	90	megablast	local
SMPL=KA3|ORG=Aegilops_kotschyi|GENOMES=None|ITER=1|RANK=2|ORIG=CL193_TR_1_x_44nt	triticeae_F21FTSEUHT1241|sample|KA3|SMPL=KA3|ORG=Aegilops_kotschyi|GENOMES=None|ITER=1|RANK=2|ORIG=CL193_TR_1_x_44nt	100.0	44	0	0	1	44	1	44	1.37e-19	82.4	44	44	megablast	local
SMPL=KA3|ORG=Aegilops_kotschyi|GENOMES=None|ITER=1|RANK=4|ORIG=CL131_TR_1_x_411nt	triticeae_F21FTSEUHT1241|sample|KA3|SMPL=KA3|ORG=Aegilops_kotschyi|GENOMES=None|ITER=1|RANK=4|ORIG=CL131_TR_1_x_411nt	100.0	411	0	0	1	411	1	411	0.0	760.0	411	411	megablast	local
SMPL=KA3|ORG=Aegilops_kotschyi|GENOMES=None|ITER=1|RANK=4|ORIG=CL131_TR_1_x_411nt	triticeae_F21FTSEUHT1241|comparative|KA2_KA3|SMPL=KA2_KA3|ORG=None|GENOMES=None|ITER=1|RANK=4|ORIG=CL121_TR_1_x_434nt	95.918	343	13	1	1	342	343	1	8.44e-161	555.0	411	434	megablast	local
SMPL=KA3|ORG=Aegilops_kotschyi|GENOMES=None|ITER=1|RANK=4|ORIG=CL131_TR_1_x_411nt	triticeae_F21FTSEUHT1241|sample|KA4|SMPL=KA4|ORG=Aegilops_caudata_markgrafii|GENOMES=None|ITER=2|RANK=4|ORIG=CL65_TR_1_x_488nt	98.75	240	3	0	1	240	279	40	1.92e-122	427.0	411	488	megablast	local
SMPL=KA3|ORG=Aegilops_kotschyi|GENOMES=None|ITER=1|RANK=4|ORIG=CL131_TR_1_x_411nt	triticeae_F21FTSEUHT1241|comparative|KA1_KA2|SMPL=KA1_KA2|ORG=None|GENOMES=None|ITER=1|RANK=4|ORIG=CL135_TR_1_x_489nt	93.496	246	15	1	1	245	150	395	1.53e-103	364.0	411	489	megablast	local
SMPL=KA3|ORG=Aegilops_kotschyi|GENOMES=None|ITER=1|RANK=2|ORIG=CL130_TR_1_x_338nt	triticeae_F21FTSEUHT1241|sample|KA3|SMPL=KA3|ORG=Aegilops_kotschyi|GENOMES=None|ITER=1|RANK=2|ORIG=CL130_TR_1_x_338nt	100.0	338	0	0	1	338	1	338	0.0	625.0	338	338	megablast	local
SMPL=KA3|ORG=Aegilops_kotschyi|GENOMES=None|ITER=1|RANK=2|ORIG=CL130_TR_1_x_338nt	triticeae_F21FTSEUHT1241|sample|KA5|SMPL=KA5|ORG=Aegilops_caudata_markgrafii|GENOMES=None|ITER=2|RANK=2|ORIG=CL110_TR_1_x_341nt	92.79	319	21	2	2	319	24	341	1.55e-132	460.0	338	341	megablast	local
SMPL=KA3|ORG=Aegilops_kotschyi|GENOMES=None|ITER=1|RANK=2|ORIG=CL130_TR_1_x_338nt	triticeae_F21FTSEUHT1241|sample|KA1|SMPL=KA1|ORG=Aegilops_bicoris|GENOMES=None|ITER=1|RANK=2|ORIG=CL116_TR_1_x_337nt	93.116	276	18	1	63	338	335	61	2.66e-115	403.0	338	337	megablast	local
SMPL=KA3|ORG=Aegilops_kotschyi|GENOMES=None|ITER=1|RANK=2|ORIG=CL130_TR_1_x_338nt	triticeae_F21FTSEUHT1241|sample|KA1|SMPL=KA1|ORG=Aegilops_bicoris|GENOMES=None|ITER=1|RANK=2|ORIG=CL116_TR_1_x_337nt	96.552	58	2	0	1	58	60	3	5.049999999999999e-23	97.1	338	337	megablast	local
SMPL=KA3|ORG=Aegilops_kotschyi|GENOMES=None|ITER=1|RANK=2|ORIG=CL130_TR_1_x_338nt	triticeae_F21FTSEUHT1241|sample|KA2|SMPL=KA2|ORG=Aegilops_sharonesis|GENOMES=None|ITER=1|RANK=2|ORIG=CL173_TR_1_x_326nt	96.847	222	6	1	117	338	325	105	2.69e-105	370.0	338	326	megablast	local
SMPL=KA3|ORG=Aegilops_kotschyi|GENOMES=None|ITER=1|RANK=2|ORIG=CL130_TR_1_x_338nt	triticeae_F21FTSEUHT1241|comparative|KA1_KA2|SMPL=KA1_KA2|ORG=None|GENOMES=None|ITER=1|RANK=1|ORIG=CL121_TR_1_x_336nt	90.942	276	24	1	63	338	334	60	2.69e-105	370.0	338	336	megablast	local
SMPL=KA3|ORG=Aegilops_kotschyi|GENOMES=None|ITER=1|RANK=2|ORIG=CL130_TR_1_x_338nt	triticeae_F21FTSEUHT1241|comparative|KA1_KA2|SMPL=KA1_KA2|ORG=None|GENOMES=None|ITER=1|RANK=1|ORIG=CL121_TR_1_x_336nt	96.552	58	2	0	1	58	59	2	5.049999999999999e-23	97.1	338	336	megablast	local
SMPL=KA3|ORG=Aegilops_kotschyi|GENOMES=None|ITER=1|RANK=2|ORIG=CL130_TR_1_x_338nt	triticeae_F21FTSEUHT1241|comparative|KA2_KA3|SMPL=KA2_KA3|ORG=None|GENOMES=None|ITER=1|RANK=2|ORIG=CL133_TR_1_x_337nt	95.045	222	10	1	117	338	337	117	1.26e-98	348.0	338	337	megablast	local
SMPL=KA3|ORG=Aegilops_kotschyi|GENOMES=None|ITER=1|RANK=2|ORIG=CL130_TR_1_x_338nt	triticeae_F21FTSEUHT1241|comparative|KA2_KA3|SMPL=KA2_KA3|ORG=None|GENOMES=None|ITER=1|RANK=2|ORIG=CL133_TR_1_x_337nt	91.379	116	10	0	1	116	116	1	6.349999999999999e-42	159.0	338	337	megablast	local
SMPL=KA3|ORG=Aegilops_kotschyi|GENOMES=None|ITER=1|RANK=2|ORIG=CL130_TR_1_x_338nt	triticeae_F21FTSEUHT1241|sample|KA4|SMPL=KA4|ORG=Aegilops_caudata_markgrafii|GENOMES=None|ITER=2|RANK=2|ORIG=CL208_TR_1_x_337nt	94.146	205	12	0	1	205	207	3	4.6000000000000003e-88	313.0	338	337	megablast	local
SMPL=KA3|ORG=Aegilops_kotschyi|GENOMES=None|ITER=1|RANK=2|ORIG=CL130_TR_1_x_338nt	triticeae_F21FTSEUHT1241|sample|KA4|SMPL=KA4|ORG=Aegilops_caudata_markgrafii|GENOMES=None|ITER=2|RANK=2|ORIG=CL208_TR_1_x_337nt	95.42	131	5	1	208	338	337	208	2.2300000000000003e-56	207.0	338	337	megablast	local
SMPL=KA3|ORG=Aegilops_kotschyi|GENOMES=None|ITER=1|RANK=2|ORIG=CL162_TR_1_x_184nt	triticeae_F21FTSEUHT1241|sample|KA3|SMPL=KA3|ORG=Aegilops_kotschyi|GENOMES=None|ITER=1|RANK=2|ORIG=CL162_TR_1_x_184nt	100.0	184	0	0	1	184	1	184	1.1000000000000001e-96	340.0	184	184	megablast	local
SMPL=KA3|ORG=Aegilops_kotschyi|GENOMES=None|ITER=2|RANK=2|ORIG=CL33_TR_1_x_90nt	triticeae_F21FTSEUHT1241|sample|KA3|SMPL=KA3|ORG=Aegilops_kotschyi|GENOMES=None|ITER=2|RANK=2|ORIG=CL33_TR_1_x_90nt	100.0	90	0	0	1	90	1	90	8.96e-45	167.0	90	90	megablast	local
SMPL=KA3|ORG=Aegilops_kotschyi|GENOMES=None|ITER=2|RANK=2|ORIG=CL33_TR_1_x_90nt	triticeae_F21FTSEUHT1241|sample|KA3|SMPL=KA3|ORG=Aegilops_kotschyi|GENOMES=None|ITER=1|RANK=1|ORIG=CL144_TR_1_x_119nt	92.683	82	6	0	9	90	32	113	2.54e-30	119.0	90	119	megablast	local
SMPL=KA3|ORG=Aegilops_kotschyi|GENOMES=None|ITER=2|RANK=2|ORIG=CL33_TR_1_x_90nt	triticeae_F21FTSEUHT1241|sample|KA1|SMPL=KA1|ORG=Aegilops_bicoris|GENOMES=None|ITER=2|RANK=2|ORIG=CL161_TR_1_x_119nt	92.593	81	6	0	9	89	81	1	9.15e-30	117.0	90	119	megablast	local
SMPL=KA3|ORG=Aegilops_kotschyi|GENOMES=None|ITER=2|RANK=2|ORIG=CL33_TR_1_x_90nt	triticeae_F21FTSEUHT1241|sample|KA1|SMPL=KA1|ORG=Aegilops_bicoris|GENOMES=None|ITER=2|RANK=2|ORIG=CL161_TR_1_x_119nt	86.25	80	10	1	4	83	115	37	2.58e-20	86.1	90	119	megablast	local
SMPL=KA3|ORG=Aegilops_kotschyi|GENOMES=None|ITER=2|RANK=2|ORIG=CL33_TR_1_x_90nt	triticeae_F21FTSEUHT1241|comparative|KA2_KA3|SMPL=KA2_KA3|ORG=None|GENOMES=None|ITER=1|RANK=2|ORIG=CL154_TR_1_x_90nt	94.521	73	4	0	1	73	73	1	1.18e-28	113.0	90	90	megablast	local
SMPL=KA3|ORG=Aegilops_kotschyi|GENOMES=None|ITER=2|RANK=2|ORIG=CL33_TR_1_x_90nt	triticeae_F21FTSEUHT1241|sample|KA2|SMPL=KA2|ORG=Aegilops_sharonesis|GENOMES=None|ITER=1|RANK=2|ORIG=CL164_TR_1_x_90nt	100.0	31	0	0	60	90	90	60	5.63e-12	58.4	90	90	megablast	local
SMPL=KA3|ORG=Aegilops_kotschyi|GENOMES=None|ITER=2|RANK=2|ORIG=CL108_TR_1_x_323nt	triticeae_F21FTSEUHT1241|sample|KA3|SMPL=KA3|ORG=Aegilops_kotschyi|GENOMES=None|ITER=2|RANK=2|ORIG=CL108_TR_1_x_323nt	100.0	323	0	0	1	323	1	323	1.0800000000000001e-173	597.0	323	323	megablast	local
SMPL=KA3|ORG=Aegilops_kotschyi|GENOMES=None|ITER=2|RANK=2|ORIG=CL108_TR_1_x_323nt	triticeae_F21FTSEUHT1241|sample|KA4|SMPL=KA4|ORG=Aegilops_caudata_markgrafii|GENOMES=None|ITER=3|RANK=1|ORIG=CL3_TR_1_x_323nt	95.57	316	14	0	2	317	8	323	1.88e-146	507.0	323	323	megablast	local
SMPL=KA3|ORG=Aegilops_kotschyi|GENOMES=None|ITER=2|RANK=2|ORIG=CL108_TR_1_x_323nt	triticeae_F21FTSEUHT1241|sample|KA5|SMPL=KA5|ORG=Aegilops_caudata_markgrafii|GENOMES=None|ITER=3|RANK=1|ORIG=CL6_TR_1_x_323nt	93.603	297	19	0	2	298	27	323	1.49e-127	444.0	323	323	megablast	local
SMPL=KA3|ORG=Aegilops_kotschyi|GENOMES=None|ITER=2|RANK=2|ORIG=CL108_TR_1_x_323nt	triticeae_F21FTSEUHT1241|sample|KA4|SMPL=KA4|ORG=Aegilops_caudata_markgrafii|GENOMES=None|ITER=2|RANK=1|ORIG=CL54_TR_1_x_323nt	95.221	272	13	0	2	273	272	1	1.16e-123	431.0	323	323	megablast	local
SMPL=KA3|ORG=Aegilops_kotschyi|GENOMES=None|ITER=2|RANK=2|ORIG=CL108_TR_1_x_323nt	triticeae_F21FTSEUHT1241|sample|KA4|SMPL=KA4|ORG=Aegilops_caudata_markgrafii|GENOMES=None|ITER=2|RANK=1|ORIG=CL54_TR_1_x_323nt	95.652	46	2	0	274	319	323	278	2.26e-16	75.0	323	323	megablast	local
SMPL=KA3|ORG=Aegilops_kotschyi|GENOMES=None|ITER=2|RANK=2|ORIG=CL108_TR_1_x_323nt	triticeae_F21FTSEUHT1241|sample|KA4|SMPL=KA4|ORG=Aegilops_caudata_markgrafii|GENOMES=None|ITER=1|RANK=1|ORIG=CL146_TR_1_x_324nt	96.234	239	9	0	1	239	248	10	5.48e-112	392.0	323	324	megablast	local
SMPL=KA3|ORG=Aegilops_kotschyi|GENOMES=None|ITER=2|RANK=2|ORIG=CL108_TR_1_x_323nt	triticeae_F21FTSEUHT1241|sample|KA4|SMPL=KA4|ORG=Aegilops_caudata_markgrafii|GENOMES=None|ITER=1|RANK=1|ORIG=CL146_TR_1_x_324nt	96.0	75	3	0	249	323	324	250	7.94e-31	122.0	323	324	megablast	local
SMPL=KA3|ORG=Aegilops_kotschyi|GENOMES=None|ITER=2|RANK=2|ORIG=CL108_TR_1_x_323nt	triticeae_F21FTSEUHT1241|sample|KA5|SMPL=KA5|ORG=Aegilops_caudata_markgrafii|GENOMES=None|ITER=1|RANK=1|ORIG=CL179_TR_1_x_312nt	91.781	146	12	0	174	319	301	156	2.76e-55	204.0	323	312	megablast	local
SMPL=KA3|ORG=Aegilops_kotschyi|GENOMES=None|ITER=2|RANK=2|ORIG=CL108_TR_1_x_323nt	triticeae_F21FTSEUHT1241|sample|KA5|SMPL=KA5|ORG=Aegilops_caudata_markgrafii|GENOMES=None|ITER=2|RANK=1|ORIG=CL54_TR_1_x_324nt	90.78	141	12	1	180	319	324	184	2.78e-50	187.0	323	324	megablast	local
SMPL=KA3|ORG=Aegilops_kotschyi|GENOMES=None|ITER=1|RANK=2|ORIG=CL196_TR_1_x_369nt	triticeae_F21FTSEUHT1241|sample|KA3|SMPL=KA3|ORG=Aegilops_kotschyi|GENOMES=None|ITER=1|RANK=2|ORIG=CL196_TR_1_x_369nt	100.0	369	0	0	1	369	1	369	0.0	682.0	369	369	megablast	local
SMPL=KA3|ORG=Aegilops_kotschyi|GENOMES=None|ITER=1|RANK=2|ORIG=CL196_TR_1_x_369nt	triticeae_F21FTSEUHT1241|sample|KA1|SMPL=KA1|ORG=Aegilops_bicoris|GENOMES=None|ITER=1|RANK=1|ORIG=CL195_TR_1_x_371nt	97.909	287	4	1	1	285	85	371	4.67e-143	496.0	369	371	megablast	local
SMPL=KA3|ORG=Aegilops_kotschyi|GENOMES=None|ITER=1|RANK=2|ORIG=CL196_TR_1_x_369nt	triticeae_F21FTSEUHT1241|sample|KA1|SMPL=KA1|ORG=Aegilops_bicoris|GENOMES=None|ITER=1|RANK=1|ORIG=CL195_TR_1_x_371nt	97.468	79	2	0	291	369	6	84	1.1699999999999999e-34	135.0	369	371	megablast	local
SMPL=KA3|ORG=Aegilops_kotschyi|GENOMES=None|ITER=1|RANK=2|ORIG=CL196_TR_1_x_369nt	triticeae_F21FTSEUHT1241|sample|KA1|SMPL=KA1|ORG=Aegilops_bicoris|GENOMES=None|ITER=3|RANK=1|ORIG=CL6_TR_1_x_369nt	99.625	267	1	0	103	369	1	267	7.81e-141	488.0	369	369	megablast	local
SMPL=KA3|ORG=Aegilops_kotschyi|GENOMES=None|ITER=1|RANK=2|ORIG=CL196_TR_1_x_369nt	triticeae_F21FTSEUHT1241|sample|KA1|SMPL=KA1|ORG=Aegilops_bicoris|GENOMES=None|ITER=3|RANK=1|ORIG=CL6_TR_1_x_369nt	97.059	102	3	0	1	102	268	369	8.93e-46	172.0	369	369	megablast	local
SMPL=KA3|ORG=Aegilops_kotschyi|GENOMES=None|ITER=1|RANK=2|ORIG=CL196_TR_1_x_369nt	triticeae_F21FTSEUHT1241|sample|KA1|SMPL=KA1|ORG=Aegilops_bicoris|GENOMES=None|ITER=2|RANK=1|ORIG=CL60_TR_1_x_369nt	100.0	213	0	0	157	369	1	213	1.75e-112	394.0	369	369	megablast	local
SMPL=KA3|ORG=Aegilops_kotschyi|GENOMES=None|ITER=1|RANK=2|ORIG=CL196_TR_1_x_369nt	triticeae_F21FTSEUHT1241|sample|KA1|SMPL=KA1|ORG=Aegilops_bicoris|GENOMES=None|ITER=2|RANK=1|ORIG=CL60_TR_1_x_369nt	98.077	156	3	0	1	156	214	369	8.56e-76	272.0	369	369	megablast	local
SMPL=KA3|ORG=Aegilops_kotschyi|GENOMES=None|ITER=2|RANK=1|ORIG=CL50_TR_1_x_510nt	triticeae_F21FTSEUHT1241|sample|KA3|SMPL=KA3|ORG=Aegilops_kotschyi|GENOMES=None|ITER=2|RANK=1|ORIG=CL50_TR_1_x_510nt	100.0	510	0	0	1	510	1	510	0.0	942.0	510	510	megablast	local
SMPL=KA3|ORG=Aegilops_kotschyi|GENOMES=None|ITER=2|RANK=1|ORIG=CL50_TR_1_x_510nt	triticeae_F21FTSEUHT1241|sample|KA3|SMPL=KA3|ORG=Aegilops_kotschyi|GENOMES=None|ITER=3|RANK=3|ORIG=CL9_TR_1_x_506nt	96.212	264	10	0	1	264	264	1	5.160000000000001e-124	433.0	510	506	megablast	local
SMPL=KA3|ORG=Aegilops_kotschyi|GENOMES=None|ITER=2|RANK=1|ORIG=CL50_TR_1_x_510nt	triticeae_F21FTSEUHT1241|sample|KA3|SMPL=KA3|ORG=Aegilops_kotschyi|GENOMES=None|ITER=3|RANK=3|ORIG=CL9_TR_1_x_506nt	95.935	246	6	1	265	510	506	265	6.77e-113	396.0	510	506	megablast	local
SMPL=KA3|ORG=Aegilops_kotschyi|GENOMES=None|ITER=3|RANK=1|ORIG=CL95_TR_1_x_86nt	triticeae_F21FTSEUHT1241|sample|KA3|SMPL=KA3|ORG=Aegilops_kotschyi|GENOMES=None|ITER=3|RANK=1|ORIG=CL95_TR_1_x_86nt	100.0	86	0	0	1	86	1	86	1.4199999999999999e-42	159.0	86	86	megablast	local
SMPL=KA3|ORG=Aegilops_kotschyi|GENOMES=None|ITER=3|RANK=3|ORIG=CL9_TR_1_x_506nt	triticeae_F21FTSEUHT1241|sample|KA3|SMPL=KA3|ORG=Aegilops_kotschyi|GENOMES=None|ITER=3|RANK=3|ORIG=CL9_TR_1_x_506nt	100.0	506	0	0	1	506	1	506	0.0	935.0	506	506	megablast	local
SMPL=KA3|ORG=Aegilops_kotschyi|GENOMES=None|ITER=3|RANK=3|ORIG=CL9_TR_1_x_506nt	triticeae_F21FTSEUHT1241|sample|KA3|SMPL=KA3|ORG=Aegilops_kotschyi|GENOMES=None|ITER=2|RANK=1|ORIG=CL50_TR_1_x_510nt	96.212	264	10	0	1	264	264	1	5.1200000000000006e-124	433.0	506	510	megablast	local
SMPL=KA3|ORG=Aegilops_kotschyi|GENOMES=None|ITER=3|RANK=3|ORIG=CL9_TR_1_x_506nt	triticeae_F21FTSEUHT1241|sample|KA3|SMPL=KA3|ORG=Aegilops_kotschyi|GENOMES=None|ITER=2|RANK=1|ORIG=CL50_TR_1_x_510nt	95.935	246	6	1	265	506	510	265	6.72e-113	396.0	506	510	megablast	local
SMPL=KA3|ORG=Aegilops_kotschyi|GENOMES=None|ITER=3|RANK=1|ORIG=CL1_TR_1_x_118nt	triticeae_F21FTSEUHT1241|sample|KA3|SMPL=KA3|ORG=Aegilops_kotschyi|GENOMES=None|ITER=3|RANK=1|ORIG=CL1_TR_1_x_118nt	100.0	118	0	0	1	118	1	118	1.01e-58	214.0	118	118	dc-megablast	local
SMPL=KA3|ORG=Aegilops_kotschyi|GENOMES=None|ITER=3|RANK=1|ORIG=CL1_TR_1_x_118nt	triticeae_F21FTSEUHT1241|sample|KA2|SMPL=KA2|ORG=Aegilops_sharonesis|GENOMES=None|ITER=1|RANK=1|ORIG=CL1_TR_1_x_118nt	98.305	118	2	0	1	118	1	118	5.24e-56	205.0	118	118	dc-megablast	local
SMPL=KA3|ORG=Aegilops_kotschyi|GENOMES=None|ITER=3|RANK=1|ORIG=CL1_TR_1_x_118nt	triticeae_F21FTSEUHT1241|sample|KA1|SMPL=KA1|ORG=Aegilops_bicoris|GENOMES=None|ITER=3|RANK=1|ORIG=CL1_TR_1_x_118nt	99.048	105	1	0	1	105	14	118	4.91e-50	186.0	118	118	dc-megablast	local
SMPL=KA3|ORG=Aegilops_kotschyi|GENOMES=None|ITER=3|RANK=1|ORIG=CL1_TR_1_x_118nt	triticeae_F21FTSEUHT1241|sample|KA1|SMPL=KA1|ORG=Aegilops_bicoris|GENOMES=None|ITER=1|RANK=1|ORIG=CL5_TR_1_x_118nt	97.17	106	3	0	1	106	13	118	7.28e-48	178.0	118	118	dc-megablast	local
SMPL=KA3|ORG=Aegilops_kotschyi|GENOMES=None|ITER=3|RANK=1|ORIG=CL1_TR_1_x_118nt	triticeae_F21FTSEUHT1241|comparative|KA1_KA2|SMPL=KA1_KA2|ORG=None|GENOMES=None|ITER=1|RANK=1|ORIG=CL1_TR_1_x_118nt	97.115	104	3	0	15	118	1	104	8.87e-47	175.0	118	118	dc-megablast	local
SMPL=KA3|ORG=Aegilops_kotschyi|GENOMES=None|ITER=3|RANK=1|ORIG=CL1_TR_1_x_118nt	triticeae_F21FTSEUHT1241|sample|KA2|SMPL=KA2|ORG=Aegilops_sharonesis|GENOMES=None|ITER=3|RANK=1|ORIG=CL1_TR_1_x_118nt	95.283	106	5	0	1	106	13	118	3.77e-45	169.0	118	118	dc-megablast	local
SMPL=KA3|ORG=Aegilops_kotschyi|GENOMES=None|ITER=3|RANK=1|ORIG=CL1_TR_1_x_118nt	triticeae_F21FTSEUHT1241|sample|KA1|SMPL=KA1|ORG=Aegilops_bicoris|GENOMES=None|ITER=2|RANK=1|ORIG=CL1_TR_1_x_118nt	97.917	96	2	0	1	96	96	1	4.6e-44	165.0	118	118	dc-megablast	local
SMPL=KA3|ORG=Aegilops_kotschyi|GENOMES=None|ITER=3|RANK=1|ORIG=CL1_TR_1_x_118nt	triticeae_F21FTSEUHT1241|sample|KA3|SMPL=KA3|ORG=Aegilops_kotschyi|GENOMES=None|ITER=1|RANK=1|ORIG=CL12_TR_1_x_118nt	97.849	93	2	0	1	93	93	1	1.9499999999999998e-42	159.0	118	118	dc-megablast	local
SMPL=KA3|ORG=Aegilops_kotschyi|GENOMES=None|ITER=3|RANK=1|ORIG=CL1_TR_1_x_118nt	triticeae_F21FTSEUHT1241|sample|KA4|SMPL=KA4|ORG=Aegilops_caudata_markgrafii|GENOMES=None|ITER=2|RANK=1|ORIG=CL1_TR_1_x_118nt	97.647	85	2	0	34	118	1	85	4.2999999999999997e-38	145.0	118	118	dc-megablast	local
SMPL=KA3|ORG=Aegilops_kotschyi|GENOMES=None|ITER=3|RANK=1|ORIG=CL1_TR_1_x_118nt	triticeae_F21FTSEUHT1241|sample|KA4|SMPL=KA4|ORG=Aegilops_caudata_markgrafii|GENOMES=None|ITER=3|RANK=1|ORIG=CL1_TR_1_x_118nt	98.78	82	1	0	1	82	82	1	1.5e-37	144.0	118	118	dc-megablast	local
SMPL=KA3|ORG=Aegilops_kotschyi|GENOMES=None|ITER=3|RANK=1|ORIG=CL1_TR_1_x_118nt	triticeae_F21FTSEUHT1241|sample|KA5|SMPL=KA5|ORG=Aegilops_caudata_markgrafii|GENOMES=None|ITER=3|RANK=1|ORIG=CL1_TR_1_x_118nt	96.25	80	3	0	39	118	1	80	9.48e-34	132.0	118	118	dc-megablast	local
SMPL=KA3|ORG=Aegilops_kotschyi|GENOMES=None|ITER=3|RANK=1|ORIG=CL1_TR_1_x_118nt	triticeae_F21FTSEUHT1241|sample|KA5|SMPL=KA5|ORG=Aegilops_caudata_markgrafii|GENOMES=None|ITER=3|RANK=1|ORIG=CL1_TR_1_x_118nt	100.0	38	0	0	1	38	81	118	2.72e-15	69.8	118	118	dc-megablast	local
SMPL=KA3|ORG=Aegilops_kotschyi|GENOMES=None|ITER=3|RANK=1|ORIG=CL1_TR_1_x_118nt	triticeae_F21FTSEUHT1241|sample|KA5|SMPL=KA5|ORG=Aegilops_caudata_markgrafii|GENOMES=None|ITER=1|RANK=1|ORIG=CL45_TR_1_x_118nt	95.0	80	4	0	39	118	1	80	1.16e-32	127.0	118	118	dc-megablast	local
SMPL=KA3|ORG=Aegilops_kotschyi|GENOMES=None|ITER=3|RANK=1|ORIG=CL1_TR_1_x_118nt	triticeae_F21FTSEUHT1241|sample|KA5|SMPL=KA5|ORG=Aegilops_caudata_markgrafii|GENOMES=None|ITER=1|RANK=1|ORIG=CL45_TR_1_x_118nt	100.0	38	0	0	1	38	81	118	2.72e-15	69.8	118	118	dc-megablast	local
SMPL=KA3|ORG=Aegilops_kotschyi|GENOMES=None|ITER=3|RANK=1|ORIG=CL1_TR_1_x_118nt	triticeae_F21FTSEUHT1241|sample|KA3|SMPL=KA3|ORG=Aegilops_kotschyi|GENOMES=None|ITER=2|RANK=1|ORIG=CL1_TR_1_x_118nt	97.059	68	2	0	1	68	68	1	7.29e-29	114.0	118	118	dc-megablast	local
SMPL=KA3|ORG=Aegilops_kotschyi|GENOMES=None|ITER=3|RANK=1|ORIG=CL1_TR_1_x_118nt	triticeae_F21FTSEUHT1241|sample|KA3|SMPL=KA3|ORG=Aegilops_kotschyi|GENOMES=None|ITER=2|RANK=1|ORIG=CL1_TR_1_x_118nt	98.0	50	1	0	69	118	118	69	3.54e-20	86.9	118	118	dc-megablast	local
SMPL=KA3|ORG=Aegilops_kotschyi|GENOMES=None|ITER=3|RANK=1|ORIG=CL1_TR_1_x_118nt	triticeae_F21FTSEUHT1241|comparative|KA2_KA3|SMPL=KA2_KA3|ORG=None|GENOMES=None|ITER=1|RANK=1|ORIG=CL3_TR_1_x_118nt	97.015	67	2	0	52	118	118	52	2.54e-28	113.0	118	118	dc-megablast	local
SMPL=KA3|ORG=Aegilops_kotschyi|GENOMES=None|ITER=3|RANK=1|ORIG=CL1_TR_1_x_118nt	triticeae_F21FTSEUHT1241|comparative|KA2_KA3|SMPL=KA2_KA3|ORG=None|GENOMES=None|ITER=1|RANK=1|ORIG=CL3_TR_1_x_118nt	100.0	51	0	0	1	51	51	1	2.38e-22	93.3	118	118	dc-megablast	local
SMPL=KA3|ORG=Aegilops_kotschyi|GENOMES=None|ITER=3|RANK=1|ORIG=CL1_TR_1_x_118nt	triticeae_F21FTSEUHT1241|sample|KA4|SMPL=KA4|ORG=Aegilops_caudata_markgrafii|GENOMES=None|ITER=1|RANK=1|ORIG=CL35_TR_1_x_118nt	100.0	61	0	0	1	61	53	113	8.88e-28	111.0	118	118	dc-megablast	local
SMPL=KA3|ORG=Aegilops_kotschyi|GENOMES=None|ITER=3|RANK=1|ORIG=CL1_TR_1_x_118nt	triticeae_F21FTSEUHT1241|sample|KA4|SMPL=KA4|ORG=Aegilops_caudata_markgrafii|GENOMES=None|ITER=1|RANK=1|ORIG=CL35_TR_1_x_118nt	96.154	52	2	0	67	118	1	52	3.54e-20	86.0	118	118	dc-megablast	local
SMPL=KA3|ORG=Aegilops_kotschyi|GENOMES=None|ITER=3|RANK=1|ORIG=CL1_TR_1_x_118nt	triticeae_F21FTSEUHT1241|sample|KA2|SMPL=KA2|ORG=Aegilops_sharonesis|GENOMES=None|ITER=2|RANK=1|ORIG=CL1_TR_1_x_118nt	100.0	61	0	0	1	61	58	118	8.88e-28	111.0	118	118	dc-megablast	local
SMPL=KA3|ORG=Aegilops_kotschyi|GENOMES=None|ITER=3|RANK=1|ORIG=CL1_TR_1_x_118nt	triticeae_F21FTSEUHT1241|sample|KA2|SMPL=KA2|ORG=Aegilops_sharonesis|GENOMES=None|ITER=2|RANK=1|ORIG=CL1_TR_1_x_118nt	96.491	57	2	0	62	118	1	57	6.83e-23	95.1	118	118	dc-megablast	local
SMPL=KA3|ORG=Aegilops_kotschyi|GENOMES=None|ITER=3|RANK=1|ORIG=CL1_TR_1_x_118nt	triticeae_F21FTSEUHT1241|sample|KA4|SMPL=KA4|ORG=Aegilops_caudata_markgrafii|GENOMES=None|ITER=3|RANK=1|ORIG=CL7_TR_1_x_118nt	71.429	91	26	0	28	118	118	28	8.89e-09	48.2	118	118	dc-megablast	local
SMPL=KA3|ORG=Aegilops_kotschyi|GENOMES=None|ITER=2|RANK=1|ORIG=CL1_TR_1_x_118nt	triticeae_F21FTSEUHT1241|sample|KA3|SMPL=KA3|ORG=Aegilops_kotschyi|GENOMES=None|ITER=2|RANK=1|ORIG=CL1_TR_1_x_118nt	100.0	118	0	0	1	118	1	118	1.01e-58	214.0	118	118	dc-megablast	local
SMPL=KA3|ORG=Aegilops_kotschyi|GENOMES=None|ITER=2|RANK=1|ORIG=CL1_TR_1_x_118nt	triticeae_F21FTSEUHT1241|sample|KA4|SMPL=KA4|ORG=Aegilops_caudata_markgrafii|GENOMES=None|ITER=1|RANK=1|ORIG=CL35_TR_1_x_118nt	97.414	116	3	0	3	118	118	3	2.71e-53	196.0	118	118	dc-megablast	local
SMPL=KA3|ORG=Aegilops_kotschyi|GENOMES=None|ITER=2|RANK=1|ORIG=CL1_TR_1_x_118nt	triticeae_F21FTSEUHT1241|sample|KA2|SMPL=KA2|ORG=Aegilops_sharonesis|GENOMES=None|ITER=2|RANK=1|ORIG=CL1_TR_1_x_118nt	99.099	111	1	0	8	118	118	8	2.71e-53	196.0	118	118	dc-megablast	local
SMPL=KA3|ORG=Aegilops_kotschyi|GENOMES=None|ITER=2|RANK=1|ORIG=CL1_TR_1_x_118nt	triticeae_F21FTSEUHT1241|sample|KA4|SMPL=KA4|ORG=Aegilops_caudata_markgrafii|GENOMES=None|ITER=3|RANK=1|ORIG=CL1_TR_1_x_118nt	98.077	104	2	0	1	104	15	118	2.09e-48	179.0	118	118	dc-megablast	local
SMPL=KA3|ORG=Aegilops_kotschyi|GENOMES=None|ITER=2|RANK=1|ORIG=CL1_TR_1_x_118nt	triticeae_F21FTSEUHT1241|comparative|KA2_KA3|SMPL=KA2_KA3|ORG=None|GENOMES=None|ITER=1|RANK=1|ORIG=CL3_TR_1_x_118nt	99.01	101	1	0	18	118	1	101	7.28e-48	178.0	118	118	dc-megablast	local
SMPL=KA3|ORG=Aegilops_kotschyi|GENOMES=None|ITER=2|RANK=1|ORIG=CL1_TR_1_x_118nt	triticeae_F21FTSEUHT1241|sample|KA3|SMPL=KA3|ORG=Aegilops_kotschyi|GENOMES=None|ITER=1|RANK=1|ORIG=CL12_TR_1_x_118nt	100.0	93	0	0	1	93	26	118	3.77e-45	168.0	118	118	dc-megablast	local
SMPL=KA3|ORG=Aegilops_kotschyi|GENOMES=None|ITER=2|RANK=1|ORIG=CL1_TR_1_x_118nt	triticeae_F21FTSEUHT1241|sample|KA5|SMPL=KA5|ORG=Aegilops_caudata_markgrafii|GENOMES=None|ITER=3|RANK=1|ORIG=CL1_TR_1_x_118nt	97.727	88	2	0	31	118	118	31	1.01e-39	150.0	118	118	dc-megablast	local
SMPL=KA3|ORG=Aegilops_kotschyi|GENOMES=None|ITER=2|RANK=1|ORIG=CL1_TR_1_x_118nt	triticeae_F21FTSEUHT1241|sample|KA5|SMPL=KA5|ORG=Aegilops_caudata_markgrafii|GENOMES=None|ITER=1|RANK=1|ORIG=CL45_TR_1_x_118nt	97.727	88	2	0	31	118	118	31	1.01e-39	150.0	118	118	dc-megablast	local
SMPL=KA3|ORG=Aegilops_kotschyi|GENOMES=None|ITER=2|RANK=1|ORIG=CL1_TR_1_x_118nt	triticeae_F21FTSEUHT1241|sample|KA1|SMPL=KA1|ORG=Aegilops_bicoris|GENOMES=None|ITER=2|RANK=1|ORIG=CL1_TR_1_x_118nt	96.667	90	3	0	1	90	29	118	3.53e-39	150.0	118	118	dc-megablast	local
SMPL=KA3|ORG=Aegilops_kotschyi|GENOMES=None|ITER=2|RANK=1|ORIG=CL1_TR_1_x_118nt	triticeae_F21FTSEUHT1241|sample|KA4|SMPL=KA4|ORG=Aegilops_caudata_markgrafii|GENOMES=None|ITER=2|RANK=1|ORIG=CL1_TR_1_x_118nt	100.0	82	0	0	37	118	117	36	3.53e-39	149.0	118	118	dc-megablast	local
SMPL=KA3|ORG=Aegilops_kotschyi|GENOMES=None|ITER=2|RANK=1|ORIG=CL1_TR_1_x_118nt	triticeae_F21FTSEUHT1241|sample|KA1|SMPL=KA1|ORG=Aegilops_bicoris|GENOMES=None|ITER=3|RANK=1|ORIG=CL1_TR_1_x_118nt	98.765	81	1	0	1	81	81	1	5.24e-37	142.0	118	118	dc-megablast	local
SMPL=KA3|ORG=Aegilops_kotschyi|GENOMES=None|ITER=2|RANK=1|ORIG=CL1_TR_1_x_118nt	triticeae_F21FTSEUHT1241|sample|KA1|SMPL=KA1|ORG=Aegilops_bicoris|GENOMES=None|ITER=3|RANK=1|ORIG=CL1_TR_1_x_118nt	100.0	37	0	0	82	118	118	82	9.49e-15	68.0	118	118	dc-megablast	local
SMPL=KA3|ORG=Aegilops_kotschyi|GENOMES=None|ITER=2|RANK=1|ORIG=CL1_TR_1_x_118nt	triticeae_F21FTSEUHT1241|sample|KA1|SMPL=KA1|ORG=Aegilops_bicoris|GENOMES=None|ITER=1|RANK=1|ORIG=CL5_TR_1_x_118nt	98.75	80	1	0	1	80	80	1	1.83e-36	141.0	118	118	dc-megablast	local
SMPL=KA3|ORG=Aegilops_kotschyi|GENOMES=None|ITER=2|RANK=1|ORIG=CL1_TR_1_x_118nt	triticeae_F21FTSEUHT1241|sample|KA1|SMPL=KA1|ORG=Aegilops_bicoris|GENOMES=None|ITER=1|RANK=1|ORIG=CL5_TR_1_x_118nt	100.0	38	0	0	81	118	118	81	2.72e-15	69.8	118	118	dc-megablast	local
SMPL=KA3|ORG=Aegilops_kotschyi|GENOMES=None|ITER=2|RANK=1|ORIG=CL1_TR_1_x_118nt	triticeae_F21FTSEUHT1241|sample|KA2|SMPL=KA2|ORG=Aegilops_sharonesis|GENOMES=None|ITER=3|RANK=1|ORIG=CL1_TR_1_x_118nt	97.5	80	2	0	1	80	80	1	2.23e-35	136.0	118	118	dc-megablast	local
SMPL=KA3|ORG=Aegilops_kotschyi|GENOMES=None|ITER=2|RANK=1|ORIG=CL1_TR_1_x_118nt	triticeae_F21FTSEUHT1241|sample|KA2|SMPL=KA2|ORG=Aegilops_sharonesis|GENOMES=None|ITER=3|RANK=1|ORIG=CL1_TR_1_x_118nt	97.368	38	1	0	81	118	118	81	1.16e-13	65.3	118	118	dc-megablast	local
SMPL=KA3|ORG=Aegilops_kotschyi|GENOMES=None|ITER=2|RANK=1|ORIG=CL1_TR_1_x_118nt	triticeae_F21FTSEUHT1241|sample|KA2|SMPL=KA2|ORG=Aegilops_sharonesis|GENOMES=None|ITER=1|RANK=1|ORIG=CL1_TR_1_x_118nt	98.529	68	1	0	1	68	68	1	5.98e-30	119.0	118	118	dc-megablast	local
SMPL=KA3|ORG=Aegilops_kotschyi|GENOMES=None|ITER=2|RANK=1|ORIG=CL1_TR_1_x_118nt	triticeae_F21FTSEUHT1241|sample|KA2|SMPL=KA2|ORG=Aegilops_sharonesis|GENOMES=None|ITER=1|RANK=1|ORIG=CL1_TR_1_x_118nt	100.0	50	0	0	69	118	118	69	8.32e-22	91.5	118	118	dc-megablast	local
SMPL=KA3|ORG=Aegilops_kotschyi|GENOMES=None|ITER=2|RANK=1|ORIG=CL1_TR_1_x_118nt	triticeae_F21FTSEUHT1241|comparative|KA1_KA2|SMPL=KA1_KA2|ORG=None|GENOMES=None|ITER=1|RANK=1|ORIG=CL1_TR_1_x_118nt	100.0	64	0	0	55	118	118	55	2.0900000000000002e-29	116.0	118	118	dc-megablast	local
SMPL=KA3|ORG=Aegilops_kotschyi|GENOMES=None|ITER=2|RANK=1|ORIG=CL1_TR_1_x_118nt	triticeae_F21FTSEUHT1241|comparative|KA1_KA2|SMPL=KA1_KA2|ORG=None|GENOMES=None|ITER=1|RANK=1|ORIG=CL1_TR_1_x_118nt	100.0	54	0	0	1	54	54	1	5.5999999999999996e-24	98.7	118	118	dc-megablast	local
SMPL=KA3|ORG=Aegilops_kotschyi|GENOMES=None|ITER=2|RANK=1|ORIG=CL1_TR_1_x_118nt	triticeae_F21FTSEUHT1241|sample|KA3|SMPL=KA3|ORG=Aegilops_kotschyi|GENOMES=None|ITER=3|RANK=1|ORIG=CL1_TR_1_x_118nt	97.059	68	2	0	1	68	68	1	7.29e-29	114.0	118	118	dc-megablast	local
SMPL=KA3|ORG=Aegilops_kotschyi|GENOMES=None|ITER=2|RANK=1|ORIG=CL1_TR_1_x_118nt	triticeae_F21FTSEUHT1241|sample|KA3|SMPL=KA3|ORG=Aegilops_kotschyi|GENOMES=None|ITER=3|RANK=1|ORIG=CL1_TR_1_x_118nt	98.0	50	1	0	69	118	118	69	3.54e-20	86.9	118	118	dc-megablast	local
SMPL=KA3|ORG=Aegilops_kotschyi|GENOMES=None|ITER=1|RANK=3|ORIG=CL25_TR_1_x_551nt	triticeae_F21FTSEUHT1241|sample|KA3|SMPL=KA3|ORG=Aegilops_kotschyi|GENOMES=None|ITER=1|RANK=3|ORIG=CL25_TR_1_x_551nt	100.0	551	0	0	1	551	1	551	0.0	994.0	551	551	dc-megablast	local
SMPL=KA3|ORG=Aegilops_kotschyi|GENOMES=None|ITER=1|RANK=3|ORIG=CL25_TR_1_x_551nt	triticeae_F21FTSEUHT1241|comparative|KA2_KA3|SMPL=KA2_KA3|ORG=None|GENOMES=None|ITER=1|RANK=3|ORIG=CL35_TR_1_x_553nt	99.093	551	3	1	3	551	3	553	0.0	969.0	551	553	dc-megablast	local
SMPL=KA3|ORG=Aegilops_kotschyi|GENOMES=None|ITER=1|RANK=3|ORIG=CL25_TR_1_x_551nt	triticeae_F21FTSEUHT1241|sample|KA4|SMPL=KA4|ORG=Aegilops_caudata_markgrafii|GENOMES=None|ITER=1|RANK=2|ORIG=CL68_TR_1_x_582nt	98.864	264	3	0	3	266	319	582	6.3200000000000006e-133	463.0	551	582	dc-megablast	local
SMPL=KA3|ORG=Aegilops_kotschyi|GENOMES=None|ITER=1|RANK=3|ORIG=CL25_TR_1_x_551nt	triticeae_F21FTSEUHT1241|sample|KA4|SMPL=KA4|ORG=Aegilops_caudata_markgrafii|GENOMES=None|ITER=1|RANK=2|ORIG=CL68_TR_1_x_582nt	96.727	275	9	0	267	541	1	275	9.369999999999999e-131	456.0	551	582	dc-megablast	local
SMPL=KA3|ORG=Aegilops_kotschyi|GENOMES=None|ITER=1|RANK=3|ORIG=CL25_TR_1_x_551nt	triticeae_F21FTSEUHT1241|sample|KA1|SMPL=KA1|ORG=Aegilops_bicoris|GENOMES=None|ITER=1|RANK=2|ORIG=CL25_TR_1_x_580nt	91.615	322	16	3	12	322	259	580	9.369999999999999e-131	456.0	551	580	dc-megablast	local
SMPL=KA3|ORG=Aegilops_kotschyi|GENOMES=None|ITER=1|RANK=3|ORIG=CL25_TR_1_x_551nt	triticeae_F21FTSEUHT1241|sample|KA1|SMPL=KA1|ORG=Aegilops_bicoris|GENOMES=None|ITER=1|RANK=2|ORIG=CL25_TR_1_x_580nt	98.63	219	3	0	323	541	1	219	1.7e-108	382.0	551	580	dc-megablast	local
SMPL=KA3|ORG=Aegilops_kotschyi|GENOMES=None|ITER=1|RANK=1|ORIG=CL12_TR_1_x_118nt	triticeae_F21FTSEUHT1241|sample|KA3|SMPL=KA3|ORG=Aegilops_kotschyi|GENOMES=None|ITER=1|RANK=1|ORIG=CL12_TR_1_x_118nt	100.0	118	0	0	1	118	1	118	1.01e-58	214.0	118	118	dc-megablast	local
SMPL=KA3|ORG=Aegilops_kotschyi|GENOMES=None|ITER=1|RANK=1|ORIG=CL12_TR_1_x_118nt	triticeae_F21FTSEUHT1241|sample|KA1|SMPL=KA1|ORG=Aegilops_bicoris|GENOMES=None|ITER=2|RANK=1|ORIG=CL1_TR_1_x_118nt	97.391	115	3	0	1	115	4	118	9.47e-53	195.0	118	118	dc-megablast	local
SMPL=KA3|ORG=Aegilops_kotschyi|GENOMES=None|ITER=1|RANK=1|ORIG=CL12_TR_1_x_118nt	triticeae_F21FTSEUHT1241|sample|KA4|SMPL=KA4|ORG=Aegilops_caudata_markgrafii|GENOMES=None|ITER=3|RANK=1|ORIG=CL1_TR_1_x_118nt	99.065	107	1	0	12	118	1	107	4.03e-51	189.0	118	118	dc-megablast	local
SMPL=KA3|ORG=Aegilops_kotschyi|GENOMES=None|ITER=1|RANK=1|ORIG=CL12_TR_1_x_118nt	triticeae_F21FTSEUHT1241|sample|KA1|SMPL=KA1|ORG=Aegilops_bicoris|GENOMES=None|ITER=3|RANK=1|ORIG=CL1_TR_1_x_118nt	99.057	106	1	0	1	106	106	1	1.41e-50	187.0	118	118	dc-megablast	local
SMPL=KA3|ORG=Aegilops_kotschyi|GENOMES=None|ITER=1|RANK=1|ORIG=CL12_TR_1_x_118nt	triticeae_F21FTSEUHT1241|sample|KA1|SMPL=KA1|ORG=Aegilops_bicoris|GENOMES=None|ITER=1|RANK=1|ORIG=CL5_TR_1_x_118nt	99.048	105	1	0	1	105	105	1	4.91e-50	186.0	118	118	dc-megablast	local
SMPL=KA3|ORG=Aegilops_kotschyi|GENOMES=None|ITER=1|RANK=1|ORIG=CL12_TR_1_x_118nt	triticeae_F21FTSEUHT1241|sample|KA2|SMPL=KA2|ORG=Aegilops_sharonesis|GENOMES=None|ITER=3|RANK=1|ORIG=CL1_TR_1_x_118nt	98.058	103	2	0	3	105	103	1	7.28e-48	178.0	118	118	dc-megablast	local
SMPL=KA3|ORG=Aegilops_kotschyi|GENOMES=None|ITER=1|RANK=1|ORIG=CL12_TR_1_x_118nt	triticeae_F21FTSEUHT1241|sample|KA3|SMPL=KA3|ORG=Aegilops_kotschyi|GENOMES=None|ITER=2|RANK=1|ORIG=CL1_TR_1_x_118nt	100.0	93	0	0	26	118	1	93	3.77e-45	168.0	118	118	dc-megablast	local
SMPL=KA3|ORG=Aegilops_kotschyi|GENOMES=None|ITER=1|RANK=1|ORIG=CL12_TR_1_x_118nt	triticeae_F21FTSEUHT1241|sample|KA2|SMPL=KA2|ORG=Aegilops_sharonesis|GENOMES=None|ITER=1|RANK=1|ORIG=CL1_TR_1_x_118nt	98.925	93	1	0	1	93	93	1	1.6000000000000001e-43	164.0	118	118	dc-megablast	local
SMPL=KA3|ORG=Aegilops_kotschyi|GENOMES=None|ITER=1|RANK=1|ORIG=CL12_TR_1_x_118nt	triticeae_F21FTSEUHT1241|sample|KA3|SMPL=KA3|ORG=Aegilops_kotschyi|GENOMES=None|ITER=3|RANK=1|ORIG=CL1_TR_1_x_118nt	97.849	93	2	0	1	93	93	1	1.9499999999999998e-42	159.0	118	118	dc-megablast	local
SMPL=KA3|ORG=Aegilops_kotschyi|GENOMES=None|ITER=1|RANK=1|ORIG=CL12_TR_1_x_118nt	triticeae_F21FTSEUHT1241|sample|KA4|SMPL=KA4|ORG=Aegilops_caudata_markgrafii|GENOMES=None|ITER=1|RANK=1|ORIG=CL35_TR_1_x_118nt	97.802	91	2	0	28	118	118	28	2.38e-41	156.0	118	118	dc-megablast	local
SMPL=KA3|ORG=Aegilops_kotschyi|GENOMES=None|ITER=1|RANK=1|ORIG=CL12_TR_1_x_118nt	triticeae_F21FTSEUHT1241|sample|KA2|SMPL=KA2|ORG=Aegilops_sharonesis|GENOMES=None|ITER=2|RANK=1|ORIG=CL1_TR_1_x_118nt	98.837	86	1	0	33	118	118	33	1.01e-39	151.0	118	118	dc-megablast	local
SMPL=KA3|ORG=Aegilops_kotschyi|GENOMES=None|ITER=1|RANK=1|ORIG=CL12_TR_1_x_118nt	triticeae_F21FTSEUHT1241|comparative|KA1_KA2|SMPL=KA1_KA2|ORG=None|GENOMES=None|ITER=1|RANK=1|ORIG=CL1_TR_1_x_118nt	100.0	79	0	0	1	79	79	1	1.5e-37	143.0	118	118	dc-megablast	local
SMPL=KA3|ORG=Aegilops_kotschyi|GENOMES=None|ITER=1|RANK=1|ORIG=CL12_TR_1_x_118nt	triticeae_F21FTSEUHT1241|comparative|KA1_KA2|SMPL=KA1_KA2|ORG=None|GENOMES=None|ITER=1|RANK=1|ORIG=CL1_TR_1_x_118nt	100.0	39	0	0	80	118	118	80	7.79e-16	71.6	118	118	dc-megablast	local
SMPL=KA3|ORG=Aegilops_kotschyi|GENOMES=None|ITER=1|RANK=1|ORIG=CL12_TR_1_x_118nt	triticeae_F21FTSEUHT1241|comparative|KA2_KA3|SMPL=KA2_KA3|ORG=None|GENOMES=None|ITER=1|RANK=1|ORIG=CL3_TR_1_x_118nt	98.684	76	1	0	43	118	1	76	2.7199999999999998e-34	133.0	118	118	dc-megablast	local
SMPL=KA3|ORG=Aegilops_kotschyi|GENOMES=None|ITER=1|RANK=1|ORIG=CL12_TR_1_x_118nt	triticeae_F21FTSEUHT1241|comparative|KA2_KA3|SMPL=KA2_KA3|ORG=None|GENOMES=None|ITER=1|RANK=1|ORIG=CL3_TR_1_x_118nt	100.0	42	0	0	1	42	77	118	1.83e-17	77.0	118	118	dc-megablast	local
SMPL=KA3|ORG=Aegilops_kotschyi|GENOMES=None|ITER=1|RANK=1|ORIG=CL12_TR_1_x_118nt	triticeae_F21FTSEUHT1241|sample|KA5|SMPL=KA5|ORG=Aegilops_caudata_markgrafii|GENOMES=None|ITER=3|RANK=1|ORIG=CL1_TR_1_x_118nt	98.413	63	1	0	56	118	118	56	3.1000000000000002e-27	110.0	118	118	dc-megablast	local
SMPL=KA3|ORG=Aegilops_kotschyi|GENOMES=None|ITER=1|RANK=1|ORIG=CL12_TR_1_x_118nt	triticeae_F21FTSEUHT1241|sample|KA5|SMPL=KA5|ORG=Aegilops_caudata_markgrafii|GENOMES=None|ITER=3|RANK=1|ORIG=CL1_TR_1_x_118nt	98.182	55	1	0	1	55	55	1	6.83e-23	96.0	118	118	dc-megablast	local
SMPL=KA3|ORG=Aegilops_kotschyi|GENOMES=None|ITER=1|RANK=1|ORIG=CL12_TR_1_x_118nt	triticeae_F21FTSEUHT1241|sample|KA5|SMPL=KA5|ORG=Aegilops_caudata_markgrafii|GENOMES=None|ITER=1|RANK=1|ORIG=CL45_TR_1_x_118nt	98.413	63	1	0	56	118	118	56	3.1000000000000002e-27	110.0	118	118	dc-megablast	local
SMPL=KA3|ORG=Aegilops_kotschyi|GENOMES=None|ITER=1|RANK=1|ORIG=CL12_TR_1_x_118nt	triticeae_F21FTSEUHT1241|sample|KA5|SMPL=KA5|ORG=Aegilops_caudata_markgrafii|GENOMES=None|ITER=1|RANK=1|ORIG=CL45_TR_1_x_118nt	96.364	55	2	0	1	55	55	1	8.32e-22	91.5	118	118	dc-megablast	local
SMPL=KA3|ORG=Aegilops_kotschyi|GENOMES=None|ITER=1|RANK=1|ORIG=CL12_TR_1_x_118nt	triticeae_F21FTSEUHT1241|sample|KA4|SMPL=KA4|ORG=Aegilops_caudata_markgrafii|GENOMES=None|ITER=2|RANK=1|ORIG=CL1_TR_1_x_118nt	100.0	60	0	0	1	60	60	1	3.1000000000000002e-27	109.0	118	118	dc-megablast	local
SMPL=KA3|ORG=Aegilops_kotschyi|GENOMES=None|ITER=1|RANK=1|ORIG=CL12_TR_1_x_118nt	triticeae_F21FTSEUHT1241|sample|KA4|SMPL=KA4|ORG=Aegilops_caudata_markgrafii|GENOMES=None|ITER=2|RANK=1|ORIG=CL1_TR_1_x_118nt	100.0	57	0	0	62	118	117	61	1.32e-25	104.0	118	118	dc-megablast	local
SMPL=KA3|ORG=Aegilops_kotschyi|GENOMES=None|ITER=1|RANK=2|ORIG=CL58_TR_1_x_504nt	triticeae_F21FTSEUHT1241|sample|KA3|SMPL=KA3|ORG=Aegilops_kotschyi|GENOMES=None|ITER=1|RANK=2|ORIG=CL58_TR_1_x_504nt	100.0	504	0	0	1	504	1	504	0.0	910.0	504	504	dc-megablast	local
SMPL=KA3|ORG=Aegilops_kotschyi|GENOMES=None|ITER=1|RANK=2|ORIG=CL58_TR_1_x_504nt	triticeae_F21FTSEUHT1241|sample|KA1|SMPL=KA1|ORG=Aegilops_bicoris|GENOMES=None|ITER=1|RANK=3|ORIG=CL56_TR_1_x_503nt	97.796	499	10	1	1	499	498	1	0.0	847.0	504	503	dc-megablast	local
SMPL=KA3|ORG=Aegilops_kotschyi|GENOMES=None|ITER=1|RANK=2|ORIG=CL58_TR_1_x_504nt	triticeae_F21FTSEUHT1241|sample|KA5|SMPL=KA5|ORG=Aegilops_caudata_markgrafii|GENOMES=None|ITER=1|RANK=2|ORIG=CL85_TR_1_x_504nt	94.845	388	18	2	1	387	387	1	2.61e-175	603.0	504	504	dc-megablast	local
SMPL=KA3|ORG=Aegilops_kotschyi|GENOMES=None|ITER=1|RANK=2|ORIG=CL58_TR_1_x_504nt	triticeae_F21FTSEUHT1241|sample|KA5|SMPL=KA5|ORG=Aegilops_caudata_markgrafii|GENOMES=None|ITER=1|RANK=2|ORIG=CL85_TR_1_x_504nt	99.145	117	1	0	388	504	504	388	7.04e-56	207.0	504	504	dc-megablast	local
SMPL=KA3|ORG=Aegilops_kotschyi|GENOMES=None|ITER=1|RANK=2|ORIG=CL58_TR_1_x_504nt	triticeae_F21FTSEUHT1241|comparative|KA2_KA3|SMPL=KA2_KA3|ORG=None|GENOMES=None|ITER=1|RANK=2|ORIG=CL58_TR_1_x_504nt	98.175	274	4	1	231	504	1	273	1.35e-134	469.0	504	504	dc-megablast	local
SMPL=KA3|ORG=Aegilops_kotschyi|GENOMES=None|ITER=1|RANK=2|ORIG=CL58_TR_1_x_504nt	triticeae_F21FTSEUHT1241|comparative|KA2_KA3|SMPL=KA2_KA3|ORG=None|GENOMES=None|ITER=1|RANK=2|ORIG=CL58_TR_1_x_504nt	98.701	231	2	1	1	230	274	504	5.77e-114	400.0	504	504	dc-megablast	local
SMPL=KA3|ORG=Aegilops_kotschyi|GENOMES=None|ITER=1|RANK=2|ORIG=CL94_TR_1_x_74nt	triticeae_F21FTSEUHT1241|sample|KA3|SMPL=KA3|ORG=Aegilops_kotschyi|GENOMES=None|ITER=1|RANK=2|ORIG=CL94_TR_1_x_74nt	100.0	74	0	0	1	74	1	74	4.46e-35	134.0	74	74	dc-megablast	local
SMPL=KA3|ORG=Aegilops_kotschyi|GENOMES=None|ITER=1|RANK=2|ORIG=CL94_TR_1_x_74nt	triticeae_F21FTSEUHT1241|sample|KA5|SMPL=KA5|ORG=Aegilops_caudata_markgrafii|GENOMES=None|ITER=1|RANK=1|ORIG=CL81_TR_1_x_74nt	98.63	73	1	0	1	73	73	1	6.62e-33	128.0	74	74	dc-megablast	local
SMPL=KA3|ORG=Aegilops_kotschyi|GENOMES=None|ITER=1|RANK=2|ORIG=CL94_TR_1_x_74nt	triticeae_F21FTSEUHT1241|sample|KA5|SMPL=KA5|ORG=Aegilops_caudata_markgrafii|GENOMES=None|ITER=3|RANK=2|ORIG=CL3_TR_1_x_74nt	100.0	49	0	0	1	49	25	73	1.6600000000000001e-21	89.7	74	74	dc-megablast	local
SMPL=KA3|ORG=Aegilops_kotschyi|GENOMES=None|ITER=1|RANK=2|ORIG=CL94_TR_1_x_74nt	triticeae_F21FTSEUHT1241|comparative|KA2_KA3|SMPL=KA2_KA3|ORG=None|GENOMES=None|ITER=1|RANK=2|ORIG=CL103_TR_1_x_74nt	100.0	48	0	0	1	48	27	74	5.800000000000001e-21	87.8	74	74	dc-megablast	local
SMPL=KA3|ORG=Aegilops_kotschyi|GENOMES=None|ITER=1|RANK=2|ORIG=CL94_TR_1_x_74nt	triticeae_F21FTSEUHT1241|sample|KA1|SMPL=KA1|ORG=Aegilops_bicoris|GENOMES=None|ITER=1|RANK=2|ORIG=CL103_TR_1_x_74nt	97.872	47	1	0	1	47	28	74	8.61e-19	81.5	74	74	dc-megablast	local
SMPL=KA3|ORG=Aegilops_kotschyi|GENOMES=None|ITER=1|RANK=2|ORIG=CL94_TR_1_x_74nt	triticeae_F21FTSEUHT1241|sample|KA4|SMPL=KA4|ORG=Aegilops_caudata_markgrafii|GENOMES=None|ITER=1|RANK=2|ORIG=CL91_TR_1_x_74nt	97.674	43	1	0	32	74	74	32	1.28e-16	74.3	74	74	dc-megablast	local
SMPL=KA3|ORG=Aegilops_kotschyi|GENOMES=None|ITER=1|RANK=1|ORIG=CL144_TR_1_x_119nt	triticeae_F21FTSEUHT1241|sample|KA3|SMPL=KA3|ORG=Aegilops_kotschyi|GENOMES=None|ITER=1|RANK=1|ORIG=CL144_TR_1_x_119nt	100.0	119	0	0	1	119	1	119	2.93e-59	215.0	119	119	dc-megablast	local
SMPL=KA3|ORG=Aegilops_kotschyi|GENOMES=None|ITER=1|RANK=1|ORIG=CL144_TR_1_x_119nt	triticeae_F21FTSEUHT1241|sample|KA1|SMPL=KA1|ORG=Aegilops_bicoris|GENOMES=None|ITER=2|RANK=2|ORIG=CL161_TR_1_x_119nt	98.214	112	2	0	1	112	112	1	9.56e-53	194.0	119	119	dc-megablast	local
SMPL=KA3|ORG=Aegilops_kotschyi|GENOMES=None|ITER=1|RANK=1|ORIG=CL144_TR_1_x_119nt	triticeae_F21FTSEUHT1241|sample|KA1|SMPL=KA1|ORG=Aegilops_bicoris|GENOMES=None|ITER=2|RANK=2|ORIG=CL161_TR_1_x_119nt	80.0	75	14	1	32	106	110	37	1.17e-13	65.3	119	119	dc-megablast	local
SMPL=KA3|ORG=Aegilops_kotschyi|GENOMES=None|ITER=1|RANK=1|ORIG=CL144_TR_1_x_119nt	triticeae_F21FTSEUHT1241|sample|KA3|SMPL=KA3|ORG=Aegilops_kotschyi|GENOMES=None|ITER=2|RANK=2|ORIG=CL33_TR_1_x_90nt	92.683	82	6	0	32	113	9	90	4.96e-31	122.0	119	90	dc-megablast	local
SMPL=KA3|ORG=Aegilops_kotschyi|GENOMES=None|ITER=1|RANK=1|ORIG=CL144_TR_1_x_119nt	triticeae_F21FTSEUHT1241|sample|KA3|SMPL=KA3|ORG=Aegilops_kotschyi|GENOMES=None|ITER=2|RANK=2|ORIG=CL33_TR_1_x_90nt	94.118	34	2	0	1	34	7	40	2.11e-10	53.6	119	90	dc-megablast	local
SMPL=KA3|ORG=Aegilops_kotschyi|GENOMES=None|ITER=1|RANK=1|ORIG=CL144_TR_1_x_119nt	triticeae_F21FTSEUHT1241|comparative|KA2_KA3|SMPL=KA2_KA3|ORG=None|GENOMES=None|ITER=1|RANK=2|ORIG=CL154_TR_1_x_90nt	93.478	46	3	0	1	46	67	22	2.75e-15	70.7	119	90	dc-megablast	local
SMPL=KA3|ORG=Aegilops_kotschyi|GENOMES=None|ITER=1|RANK=1|ORIG=CL144_TR_1_x_119nt	triticeae_F21FTSEUHT1241|sample|KA2|SMPL=KA2|ORG=Aegilops_sharonesis|GENOMES=None|ITER=1|RANK=2|ORIG=CL164_TR_1_x_90nt	100.0	37	0	0	83	119	90	54	9.58e-15	68.0	119	90	dc-megablast	local
SMPL=KA3|ORG=Aegilops_kotschyi|GENOMES=None|ITER=1|RANK=1|ORIG=CL144_TR_1_x_119nt	triticeae_F21FTSEUHT1241|sample|KA2|SMPL=KA2|ORG=Aegilops_sharonesis|GENOMES=None|ITER=1|RANK=2|ORIG=CL164_TR_1_x_90nt	74.118	85	14	2	3	82	82	1	2.11e-10	53.6	119	90	dc-megablast	local
SMPL=KA3|ORG=Aegilops_kotschyi|GENOMES=None|ITER=1|RANK=2|ORIG=CL193_TR_1_x_44nt	triticeae_F21FTSEUHT1241|sample|KA3|SMPL=KA3|ORG=Aegilops_kotschyi|GENOMES=None|ITER=1|RANK=2|ORIG=CL193_TR_1_x_44nt	100.0	44	0	0	1	44	1	44	4.4e-19	80.6	44	44	dc-megablast	local
SMPL=KA3|ORG=Aegilops_kotschyi|GENOMES=None|ITER=1|RANK=2|ORIG=CL193_TR_1_x_44nt	triticeae_F21FTSEUHT1241|sample|KA2|SMPL=KA2|ORG=Aegilops_sharonesis|GENOMES=None|ITER=3|RANK=1|ORIG=CL24_TR_1_x_44nt	97.674	43	1	0	2	44	1	43	6.53e-17	74.3	44	44	dc-megablast	local
SMPL=KA3|ORG=Aegilops_kotschyi|GENOMES=None|ITER=1|RANK=4|ORIG=CL131_TR_1_x_411nt	triticeae_F21FTSEUHT1241|sample|KA3|SMPL=KA3|ORG=Aegilops_kotschyi|GENOMES=None|ITER=1|RANK=4|ORIG=CL131_TR_1_x_411nt	100.0	411	0	0	1	411	1	411	0.0	742.0	411	411	dc-megablast	local
SMPL=KA3|ORG=Aegilops_kotschyi|GENOMES=None|ITER=1|RANK=4|ORIG=CL131_TR_1_x_411nt	triticeae_F21FTSEUHT1241|comparative|KA2_KA3|SMPL=KA2_KA3|ORG=None|GENOMES=None|ITER=1|RANK=4|ORIG=CL121_TR_1_x_434nt	95.918	343	13	1	1	342	343	1	3.3500000000000005e-160	553.0	411	434	dc-megablast	local
SMPL=KA3|ORG=Aegilops_kotschyi|GENOMES=None|ITER=1|RANK=4|ORIG=CL131_TR_1_x_411nt	triticeae_F21FTSEUHT1241|comparative|KA2_KA3|SMPL=KA2_KA3|ORG=None|GENOMES=None|ITER=1|RANK=4|ORIG=CL121_TR_1_x_434nt	91.489	47	4	0	358	404	396	350	3.6e-14	68.0	411	434	dc-megablast	local
SMPL=KA3|ORG=Aegilops_kotschyi|GENOMES=None|ITER=1|RANK=4|ORIG=CL131_TR_1_x_411nt	triticeae_F21FTSEUHT1241|sample|KA4|SMPL=KA4|ORG=Aegilops_caudata_markgrafii|GENOMES=None|ITER=2|RANK=4|ORIG=CL65_TR_1_x_488nt	96.85	254	8	0	1	254	279	26	4.0900000000000004e-121	423.0	411	488	dc-megablast	local
SMPL=KA3|ORG=Aegilops_kotschyi|GENOMES=None|ITER=1|RANK=4|ORIG=CL131_TR_1_x_411nt	triticeae_F21FTSEUHT1241|sample|KA4|SMPL=KA4|ORG=Aegilops_caudata_markgrafii|GENOMES=None|ITER=2|RANK=4|ORIG=CL65_TR_1_x_488nt	90.741	54	5	0	358	411	333	280	2.43e-16	76.1	411	488	dc-megablast	local
SMPL=KA3|ORG=Aegilops_kotschyi|GENOMES=None|ITER=1|RANK=4|ORIG=CL131_TR_1_x_411nt	triticeae_F21FTSEUHT1241|comparative|KA1_KA2|SMPL=KA1_KA2|ORG=None|GENOMES=None|ITER=1|RANK=4|ORIG=CL135_TR_1_x_489nt	93.496	246	15	1	1	245	150	395	7.900000000000001e-105	369.0	411	489	dc-megablast	local
SMPL=KA3|ORG=Aegilops_kotschyi|GENOMES=None|ITER=1|RANK=2|ORIG=CL130_TR_1_x_338nt	triticeae_F21FTSEUHT1241|sample|KA3|SMPL=KA3|ORG=Aegilops_kotschyi|GENOMES=None|ITER=1|RANK=2|ORIG=CL130_TR_1_x_338nt	100.0	338	0	0	1	338	1	338	1.1600000000000001e-177	610.0	338	338	dc-megablast	local
SMPL=KA3|ORG=Aegilops_kotschyi|GENOMES=None|ITER=1|RANK=2|ORIG=CL130_TR_1_x_338nt	triticeae_F21FTSEUHT1241|sample|KA5|SMPL=KA5|ORG=Aegilops_caudata_markgrafii|GENOMES=None|ITER=2|RANK=2|ORIG=CL110_TR_1_x_341nt	92.79	319	21	2	2	319	24	341	1.09e-133	465.0	338	341	dc-megablast	local
SMPL=KA3|ORG=Aegilops_kotschyi|GENOMES=None|ITER=1|RANK=2|ORIG=CL130_TR_1_x_338nt	triticeae_F21FTSEUHT1241|sample|KA1|SMPL=KA1|ORG=Aegilops_bicoris|GENOMES=None|ITER=1|RANK=2|ORIG=CL116_TR_1_x_337nt	93.116	276	18	1	63	338	335	61	7.34e-117	409.0	338	337	dc-megablast	local
SMPL=KA3|ORG=Aegilops_kotschyi|GENOMES=None|ITER=1|RANK=2|ORIG=CL130_TR_1_x_338nt	triticeae_F21FTSEUHT1241|sample|KA1|SMPL=KA1|ORG=Aegilops_bicoris|GENOMES=None|ITER=1|RANK=2|ORIG=CL116_TR_1_x_337nt	96.552	58	2	0	1	58	60	3	6.05e-23	96.9	338	337	dc-megablast	local
SMPL=KA3|ORG=Aegilops_kotschyi|GENOMES=None|ITER=1|RANK=2|ORIG=CL130_TR_1_x_338nt	triticeae_F21FTSEUHT1241|comparative|KA1_KA2|SMPL=KA1_KA2|ORG=None|GENOMES=None|ITER=1|RANK=1|ORIG=CL121_TR_1_x_336nt	90.942	276	24	1	63	338	334	60	1.0199999999999999e-108	382.0	338	336	dc-megablast	local
SMPL=KA3|ORG=Aegilops_kotschyi|GENOMES=None|ITER=1|RANK=2|ORIG=CL130_TR_1_x_338nt	triticeae_F21FTSEUHT1241|comparative|KA1_KA2|SMPL=KA1_KA2|ORG=None|GENOMES=None|ITER=1|RANK=1|ORIG=CL121_TR_1_x_336nt	96.552	58	2	0	1	58	59	2	6.05e-23	96.9	338	336	dc-megablast	local
SMPL=KA3|ORG=Aegilops_kotschyi|GENOMES=None|ITER=1|RANK=2|ORIG=CL130_TR_1_x_338nt	triticeae_F21FTSEUHT1241|sample|KA2|SMPL=KA2|ORG=Aegilops_sharonesis|GENOMES=None|ITER=1|RANK=2|ORIG=CL173_TR_1_x_326nt	96.847	222	6	1	117	338	325	105	7.839999999999999e-104	366.0	338	326	dc-megablast	local
SMPL=KA3|ORG=Aegilops_kotschyi|GENOMES=None|ITER=1|RANK=2|ORIG=CL130_TR_1_x_338nt	triticeae_F21FTSEUHT1241|sample|KA2|SMPL=KA2|ORG=Aegilops_sharonesis|GENOMES=None|ITER=1|RANK=2|ORIG=CL173_TR_1_x_326nt	89.423	104	11	0	1	104	104	1	1.98e-35	139.0	338	326	dc-megablast	local
SMPL=KA3|ORG=Aegilops_kotschyi|GENOMES=None|ITER=1|RANK=2|ORIG=CL130_TR_1_x_338nt	triticeae_F21FTSEUHT1241|comparative|KA2_KA3|SMPL=KA2_KA3|ORG=None|GENOMES=None|ITER=1|RANK=2|ORIG=CL133_TR_1_x_337nt	95.045	222	10	1	117	338	337	117	2.1e-98	348.0	338	337	dc-megablast	local
SMPL=KA3|ORG=Aegilops_kotschyi|GENOMES=None|ITER=1|RANK=2|ORIG=CL130_TR_1_x_338nt	triticeae_F21FTSEUHT1241|comparative|KA2_KA3|SMPL=KA2_KA3|ORG=None|GENOMES=None|ITER=1|RANK=2|ORIG=CL133_TR_1_x_337nt	91.379	116	10	0	1	116	116	1	1.4200000000000001e-43	165.0	338	337	dc-megablast	local
SMPL=KA3|ORG=Aegilops_kotschyi|GENOMES=None|ITER=1|RANK=2|ORIG=CL130_TR_1_x_338nt	triticeae_F21FTSEUHT1241|sample|KA4|SMPL=KA4|ORG=Aegilops_caudata_markgrafii|GENOMES=None|ITER=2|RANK=2|ORIG=CL208_TR_1_x_337nt	94.146	205	12	0	1	205	207	3	3.56e-89	316.0	338	337	dc-megablast	local
SMPL=KA3|ORG=Aegilops_kotschyi|GENOMES=None|ITER=1|RANK=2|ORIG=CL130_TR_1_x_338nt	triticeae_F21FTSEUHT1241|sample|KA4|SMPL=KA4|ORG=Aegilops_caudata_markgrafii|GENOMES=None|ITER=2|RANK=2|ORIG=CL208_TR_1_x_337nt	95.42	131	5	1	208	338	337	208	4.64e-56	206.0	338	337	dc-megablast	local
SMPL=KA3|ORG=Aegilops_kotschyi|GENOMES=None|ITER=1|RANK=2|ORIG=CL162_TR_1_x_184nt	triticeae_F21FTSEUHT1241|sample|KA3|SMPL=KA3|ORG=Aegilops_kotschyi|GENOMES=None|ITER=1|RANK=2|ORIG=CL162_TR_1_x_184nt	100.0	184	0	0	1	184	1	184	2.43e-94	333.0	184	184	dc-megablast	local
SMPL=KA3|ORG=Aegilops_kotschyi|GENOMES=None|ITER=2|RANK=2|ORIG=CL33_TR_1_x_90nt	triticeae_F21FTSEUHT1241|sample|KA3|SMPL=KA3|ORG=Aegilops_kotschyi|GENOMES=None|ITER=2|RANK=2|ORIG=CL33_TR_1_x_90nt	100.0	90	0	0	1	90	1	90	1.1700000000000002e-43	163.0	90	90	dc-megablast	local
SMPL=KA3|ORG=Aegilops_kotschyi|GENOMES=None|ITER=2|RANK=2|ORIG=CL33_TR_1_x_90nt	triticeae_F21FTSEUHT1241|sample|KA3|SMPL=KA3|ORG=Aegilops_kotschyi|GENOMES=None|ITER=1|RANK=1|ORIG=CL144_TR_1_x_119nt	92.683	82	6	0	9	90	32	113	3.5800000000000004e-31	122.0	90	119	dc-megablast	local
SMPL=KA3|ORG=Aegilops_kotschyi|GENOMES=None|ITER=2|RANK=2|ORIG=CL33_TR_1_x_90nt	triticeae_F21FTSEUHT1241|sample|KA3|SMPL=KA3|ORG=Aegilops_kotschyi|GENOMES=None|ITER=1|RANK=1|ORIG=CL144_TR_1_x_119nt	94.118	34	2	0	7	40	1	34	1.52e-10	53.6	90	119	dc-megablast	local
SMPL=KA3|ORG=Aegilops_kotschyi|GENOMES=None|ITER=2|RANK=2|ORIG=CL33_TR_1_x_90nt	triticeae_F21FTSEUHT1241|sample|KA1|SMPL=KA1|ORG=Aegilops_bicoris|GENOMES=None|ITER=2|RANK=2|ORIG=CL161_TR_1_x_119nt	92.593	81	6	0	9	89	81	1	1.25e-30	120.0	90	119	dc-megablast	local
SMPL=KA3|ORG=Aegilops_kotschyi|GENOMES=None|ITER=2|RANK=2|ORIG=CL33_TR_1_x_90nt	triticeae_F21FTSEUHT1241|sample|KA1|SMPL=KA1|ORG=Aegilops_bicoris|GENOMES=None|ITER=2|RANK=2|ORIG=CL161_TR_1_x_119nt	85.542	83	11	1	1	83	118	37	1.74e-22	93.3	90	119	dc-megablast	local
SMPL=KA3|ORG=Aegilops_kotschyi|GENOMES=None|ITER=2|RANK=2|ORIG=CL33_TR_1_x_90nt	triticeae_F21FTSEUHT1241|comparative|KA2_KA3|SMPL=KA2_KA3|ORG=None|GENOMES=None|ITER=1|RANK=2|ORIG=CL154_TR_1_x_90nt	94.521	73	4	0	1	73	73	1	5.310000000000001e-29	114.0	90	90	dc-megablast	local
SMPL=KA3|ORG=Aegilops_kotschyi|GENOMES=None|ITER=2|RANK=2|ORIG=CL33_TR_1_x_90nt	triticeae_F21FTSEUHT1241|sample|KA2|SMPL=KA2|ORG=Aegilops_sharonesis|GENOMES=None|ITER=1|RANK=2|ORIG=CL164_TR_1_x_90nt	91.525	59	5	0	1	59	59	1	8.99e-20	85.1	90	90	dc-megablast	local
SMPL=KA3|ORG=Aegilops_kotschyi|GENOMES=None|ITER=2|RANK=2|ORIG=CL108_TR_1_x_323nt	triticeae_F21FTSEUHT1241|sample|KA3|SMPL=KA3|ORG=Aegilops_kotschyi|GENOMES=None|ITER=2|RANK=2|ORIG=CL108_TR_1_x_323nt	100.0	323	0	0	1	323	1	323	1.54e-169	583.0	323	323	dc-megablast	local
SMPL=KA3|ORG=Aegilops_kotschyi|GENOMES=None|ITER=2|RANK=2|ORIG=CL108_TR_1_x_323nt	triticeae_F21FTSEUHT1241|sample|KA4|SMPL=KA4|ORG=Aegilops_caudata_markgrafii|GENOMES=None|ITER=3|RANK=1|ORIG=CL3_TR_1_x_323nt	95.57	316	14	0	2	317	8	323	9.7e-147	508.0	323	323	dc-megablast	local
SMPL=KA3|ORG=Aegilops_kotschyi|GENOMES=None|ITER=2|RANK=2|ORIG=CL108_TR_1_x_323nt	triticeae_F21FTSEUHT1241|sample|KA5|SMPL=KA5|ORG=Aegilops_caudata_markgrafii|GENOMES=None|ITER=3|RANK=1|ORIG=CL6_TR_1_x_323nt	93.603	297	19	0	2	298	27	323	2.2800000000000002e-129	451.0	323	323	dc-megablast	local
SMPL=KA3|ORG=Aegilops_kotschyi|GENOMES=None|ITER=2|RANK=2|ORIG=CL108_TR_1_x_323nt	triticeae_F21FTSEUHT1241|sample|KA4|SMPL=KA4|ORG=Aegilops_caudata_markgrafii|GENOMES=None|ITER=2|RANK=1|ORIG=CL54_TR_1_x_323nt	95.221	272	13	0	2	273	272	1	6.13e-124	433.0	323	323	dc-megablast	local
SMPL=KA3|ORG=Aegilops_kotschyi|GENOMES=None|ITER=2|RANK=2|ORIG=CL108_TR_1_x_323nt	triticeae_F21FTSEUHT1241|sample|KA4|SMPL=KA4|ORG=Aegilops_caudata_markgrafii|GENOMES=None|ITER=2|RANK=1|ORIG=CL54_TR_1_x_323nt	95.652	46	2	0	274	319	323	278	1.88e-16	75.2	323	323	dc-megablast	local
SMPL=KA3|ORG=Aegilops_kotschyi|GENOMES=None|ITER=2|RANK=2|ORIG=CL108_TR_1_x_323nt	triticeae_F21FTSEUHT1241|sample|KA4|SMPL=KA4|ORG=Aegilops_caudata_markgrafii|GENOMES=None|ITER=1|RANK=1|ORIG=CL146_TR_1_x_324nt	95.142	247	12	0	1	247	248	2	5.38e-112	392.0	323	324	dc-megablast	local
SMPL=KA3|ORG=Aegilops_kotschyi|GENOMES=None|ITER=2|RANK=2|ORIG=CL108_TR_1_x_323nt	triticeae_F21FTSEUHT1241|sample|KA4|SMPL=KA4|ORG=Aegilops_caudata_markgrafii|GENOMES=None|ITER=1|RANK=1|ORIG=CL146_TR_1_x_324nt	96.0	75	3	0	249	323	324	250	1.45e-30	123.0	323	324	dc-megablast	local
SMPL=KA3|ORG=Aegilops_kotschyi|GENOMES=None|ITER=2|RANK=2|ORIG=CL108_TR_1_x_323nt	triticeae_F21FTSEUHT1241|sample|KA5|SMPL=KA5|ORG=Aegilops_caudata_markgrafii|GENOMES=None|ITER=2|RANK=1|ORIG=CL54_TR_1_x_324nt	92.135	178	14	0	2	179	178	1	7.99e-72	259.0	323	324	dc-megablast	local
SMPL=KA3|ORG=Aegilops_kotschyi|GENOMES=None|ITER=2|RANK=2|ORIG=CL108_TR_1_x_323nt	triticeae_F21FTSEUHT1241|sample|KA5|SMPL=KA5|ORG=Aegilops_caudata_markgrafii|GENOMES=None|ITER=2|RANK=1|ORIG=CL54_TR_1_x_324nt	90.78	141	12	1	180	319	324	184	9.75e-52	193.0	323	324	dc-megablast	local
SMPL=KA3|ORG=Aegilops_kotschyi|GENOMES=None|ITER=2|RANK=2|ORIG=CL108_TR_1_x_323nt	triticeae_F21FTSEUHT1241|sample|KA5|SMPL=KA5|ORG=Aegilops_caudata_markgrafii|GENOMES=None|ITER=1|RANK=1|ORIG=CL179_TR_1_x_312nt	92.0	150	12	0	2	151	150	1	2.4500000000000003e-59	217.0	323	312	dc-megablast	local
SMPL=KA3|ORG=Aegilops_kotschyi|GENOMES=None|ITER=2|RANK=2|ORIG=CL108_TR_1_x_323nt	triticeae_F21FTSEUHT1241|sample|KA5|SMPL=KA5|ORG=Aegilops_caudata_markgrafii|GENOMES=None|ITER=1|RANK=1|ORIG=CL179_TR_1_x_312nt	91.781	146	12	0	174	319	301	156	3.63e-57	210.0	323	312	dc-megablast	local
SMPL=KA3|ORG=Aegilops_kotschyi|GENOMES=None|ITER=1|RANK=2|ORIG=CL196_TR_1_x_369nt	triticeae_F21FTSEUHT1241|sample|KA3|SMPL=KA3|ORG=Aegilops_kotschyi|GENOMES=None|ITER=1|RANK=2|ORIG=CL196_TR_1_x_369nt	100.0	369	0	0	1	369	1	369	0.0	666.0	369	369	dc-megablast	local
SMPL=KA3|ORG=Aegilops_kotschyi|GENOMES=None|ITER=1|RANK=2|ORIG=CL196_TR_1_x_369nt	triticeae_F21FTSEUHT1241|sample|KA1|SMPL=KA1|ORG=Aegilops_bicoris|GENOMES=None|ITER=1|RANK=1|ORIG=CL195_TR_1_x_371nt	97.909	287	4	1	1	285	85	371	1.0499999999999999e-140	489.0	369	371	dc-megablast	local
SMPL=KA3|ORG=Aegilops_kotschyi|GENOMES=None|ITER=1|RANK=2|ORIG=CL196_TR_1_x_369nt	triticeae_F21FTSEUHT1241|sample|KA1|SMPL=KA1|ORG=Aegilops_bicoris|GENOMES=None|ITER=1|RANK=1|ORIG=CL195_TR_1_x_371nt	97.468	79	2	0	291	369	6	84	2.64e-34	134.0	369	371	dc-megablast	local
SMPL=KA3|ORG=Aegilops_kotschyi|GENOMES=None|ITER=1|RANK=2|ORIG=CL196_TR_1_x_369nt	triticeae_F21FTSEUHT1241|sample|KA1|SMPL=KA1|ORG=Aegilops_bicoris|GENOMES=None|ITER=3|RANK=1|ORIG=CL6_TR_1_x_369nt	99.625	267	1	0	103	369	1	267	1.89e-137	478.0	369	369	dc-megablast	local
SMPL=KA3|ORG=Aegilops_kotschyi|GENOMES=None|ITER=1|RANK=2|ORIG=CL196_TR_1_x_369nt	triticeae_F21FTSEUHT1241|sample|KA1|SMPL=KA1|ORG=Aegilops_bicoris|GENOMES=None|ITER=3|RANK=1|ORIG=CL6_TR_1_x_369nt	97.059	102	3	0	1	102	268	369	3.67e-45	171.0	369	369	dc-megablast	local
SMPL=KA3|ORG=Aegilops_kotschyi|GENOMES=None|ITER=1|RANK=2|ORIG=CL196_TR_1_x_369nt	triticeae_F21FTSEUHT1241|sample|KA1|SMPL=KA1|ORG=Aegilops_bicoris|GENOMES=None|ITER=2|RANK=1|ORIG=CL60_TR_1_x_369nt	100.0	213	0	0	157	369	1	213	9.180000000000001e-110	385.0	369	369	dc-megablast	local
SMPL=KA3|ORG=Aegilops_kotschyi|GENOMES=None|ITER=1|RANK=2|ORIG=CL196_TR_1_x_369nt	triticeae_F21FTSEUHT1241|sample|KA1|SMPL=KA1|ORG=Aegilops_bicoris|GENOMES=None|ITER=2|RANK=1|ORIG=CL60_TR_1_x_369nt	98.077	156	3	0	1	156	214	369	1.7799999999999998e-74	269.0	369	369	dc-megablast	local
SMPL=KA3|ORG=Aegilops_kotschyi|GENOMES=None|ITER=2|RANK=1|ORIG=CL50_TR_1_x_510nt	triticeae_F21FTSEUHT1241|sample|KA3|SMPL=KA3|ORG=Aegilops_kotschyi|GENOMES=None|ITER=2|RANK=1|ORIG=CL50_TR_1_x_510nt	100.0	510	0	0	1	510	1	510	0.0	921.0	510	510	dc-megablast	local
SMPL=KA3|ORG=Aegilops_kotschyi|GENOMES=None|ITER=2|RANK=1|ORIG=CL50_TR_1_x_510nt	triticeae_F21FTSEUHT1241|sample|KA3|SMPL=KA3|ORG=Aegilops_kotschyi|GENOMES=None|ITER=3|RANK=3|ORIG=CL9_TR_1_x_506nt	96.212	264	10	0	1	264	264	1	9.87e-124	432.0	510	506	dc-megablast	local
SMPL=KA3|ORG=Aegilops_kotschyi|GENOMES=None|ITER=2|RANK=1|ORIG=CL50_TR_1_x_510nt	triticeae_F21FTSEUHT1241|sample|KA3|SMPL=KA3|ORG=Aegilops_kotschyi|GENOMES=None|ITER=3|RANK=3|ORIG=CL9_TR_1_x_506nt	95.935	246	6	1	265	510	506	265	2.04e-113	398.0	510	506	dc-megablast	local
SMPL=KA3|ORG=Aegilops_kotschyi|GENOMES=None|ITER=3|RANK=1|ORIG=CL95_TR_1_x_86nt	triticeae_F21FTSEUHT1241|sample|KA3|SMPL=KA3|ORG=Aegilops_kotschyi|GENOMES=None|ITER=3|RANK=1|ORIG=CL95_TR_1_x_86nt	100.0	86	0	0	1	86	1	86	1.64e-41	156.0	86	86	dc-megablast	local
SMPL=KA3|ORG=Aegilops_kotschyi|GENOMES=None|ITER=3|RANK=3|ORIG=CL9_TR_1_x_506nt	triticeae_F21FTSEUHT1241|sample|KA3|SMPL=KA3|ORG=Aegilops_kotschyi|GENOMES=None|ITER=3|RANK=3|ORIG=CL9_TR_1_x_506nt	100.0	506	0	0	1	506	1	506	0.0	913.0	506	506	dc-megablast	local
SMPL=KA3|ORG=Aegilops_kotschyi|GENOMES=None|ITER=3|RANK=3|ORIG=CL9_TR_1_x_506nt	triticeae_F21FTSEUHT1241|sample|KA3|SMPL=KA3|ORG=Aegilops_kotschyi|GENOMES=None|ITER=2|RANK=1|ORIG=CL50_TR_1_x_510nt	96.212	264	10	0	1	264	264	1	9.79e-124	432.0	506	510	dc-megablast	local
SMPL=KA3|ORG=Aegilops_kotschyi|GENOMES=None|ITER=3|RANK=3|ORIG=CL9_TR_1_x_506nt	triticeae_F21FTSEUHT1241|sample|KA3|SMPL=KA3|ORG=Aegilops_kotschyi|GENOMES=None|ITER=2|RANK=1|ORIG=CL50_TR_1_x_510nt	95.935	246	6	1	265	506	510	265	2.0199999999999998e-113	398.0	506	510	dc-megablast	local
