repeat	subject_type	subject_id	source_rich_table	smpl	org	genomes	iter	rank	TAREAN_annotation	cons_len	size_pct	pdiv_mean	pdiv_median	pdiv_q05	pdiv_q95	cluster_id	n_repeats	best_hit	best_species	best_title	best_name	best_pident	best_evalue	oligo_best_sseqid	oligo_fitting	id	label	label_repeat	title	group	shape	value
SMPL=KA1_KA2|ORG=None|GENOMES=None|ITER=1|RANK=1|ORIG=CL103_TR_1_x_376nt	comparative	KA1_KA2	projects/triticeae_F21FTSEUHT1241/comparative/KA1_KA2/post_tarean/satminer/report/rich_table.tsv	KA1_KA2	NA	NA	1	1	Putative satellites (high confidence)	376	0.15	3.43013698630137	2.7	0	6.7	CL00004	5	AY117401.1	Aegilops speltoides	Aegilops speltoides subtelomeric repeat Spelt52.2 sequence		96.013	1.18e-137	17-251	oligo	SMPL=KA1_KA2|ORG=None|GENOMES=None|ITER=1|RANK=1|ORIG=CL103_TR_1_x_376nt		SMPL=KA1_KA2|ORG=None|GENOMES=None|ITER=1|RANK=1|ORIG=CL103_TR_1_x_376nt		CL00004	triangle	0.15
SMPL=KA1_KA2|ORG=None|GENOMES=None|ITER=1|RANK=1|ORIG=CL121_TR_1_x_336nt	comparative	KA1_KA2	projects/triticeae_F21FTSEUHT1241/comparative/KA1_KA2/post_tarean/satminer/report/rich_table.tsv	KA1_KA2	NA	NA	1	1	Putative satellites (high confidence)	336	0.11	8.99056603773585	7.9	2.3200000000000003	18.08	CL00002	7	KC290893.1	Triticum aestivum	Triticum aestivum clone pTa-173 FISH-positive repetitive sequence		94.985	4.83e-151	AC4x_CL3_339nt	oligo	SMPL=KA1_KA2|ORG=None|GENOMES=None|ITER=1|RANK=1|ORIG=CL121_TR_1_x_336nt		SMPL=KA1_KA2|ORG=None|GENOMES=None|ITER=1|RANK=1|ORIG=CL121_TR_1_x_336nt		CL00002	triangle	0.11
SMPL=KA1_KA2|ORG=None|GENOMES=None|ITER=1|RANK=1|ORIG=CL1_TR_1_x_118nt	comparative	KA1_KA2	projects/triticeae_F21FTSEUHT1241/comparative/KA1_KA2/post_tarean/satminer/report/rich_table.tsv	KA1_KA2	NA	NA	1	1	Putative satellites (high confidence)	118	2.66	9.350112866817156	9.1	2.6	16.95999999999999	CL00001	20	AJ517288.3	Hordeum bulbosum	Hordeum bulbosum satellite DNA, p147-3711		96.183	1.92e-56	P351_0	oligo	SMPL=KA1_KA2|ORG=None|GENOMES=None|ITER=1|RANK=1|ORIG=CL1_TR_1_x_118nt		SMPL=KA1_KA2|ORG=None|GENOMES=None|ITER=1|RANK=1|ORIG=CL1_TR_1_x_118nt		CL00001	triangle	2.66
SMPL=KA1_KA2|ORG=None|GENOMES=None|ITER=1|RANK=2|ORIG=CL124_TR_1_x_171nt	comparative	KA1_KA2	projects/triticeae_F21FTSEUHT1241/comparative/KA1_KA2/post_tarean/satminer/report/rich_table.tsv	KA1_KA2	NA	NA	1	2	Putative satellites (low confidence)	171	0.1	8.729411764705882	5.3	0	21.9	CL00018	2	EU289334.1	Triticum aestivum	Triticum aestivum clone WMS644 microsatellite sequence		83.516	2.59e-18	2018_Said_The_Agropyron_cristatum_karyotype_ACRI_CL215	weak	SMPL=KA1_KA2|ORG=None|GENOMES=None|ITER=1|RANK=2|ORIG=CL124_TR_1_x_171nt		SMPL=KA1_KA2|ORG=None|GENOMES=None|ITER=1|RANK=2|ORIG=CL124_TR_1_x_171nt		CL00018	triangle	0.1
SMPL=KA1_KA2|ORG=None|GENOMES=None|ITER=1|RANK=2|ORIG=CL91_TR_1_x_333nt	comparative	KA1_KA2	projects/triticeae_F21FTSEUHT1241/comparative/KA1_KA2/post_tarean/satminer/report/rich_table.tsv	KA1_KA2	NA	NA	1	2	Putative satellites (low confidence)	333	0.14	7.514285714285714	6.05	1.945	17.414999999999996	CL00013	3	ON872663.1	Aegilops crassa	Aegilops crassa clone CL131 satellite sequence		92.835	1.75e-130	2022_Kroupin_Aegilops_crassa_Boiss._repeatome_characterized_CL149	oligo	SMPL=KA1_KA2|ORG=None|GENOMES=None|ITER=1|RANK=2|ORIG=CL91_TR_1_x_333nt		SMPL=KA1_KA2|ORG=None|GENOMES=None|ITER=1|RANK=2|ORIG=CL91_TR_1_x_333nt		CL00013	triangle	0.14
SMPL=KA1_KA2|ORG=None|GENOMES=None|ITER=1|RANK=4|ORIG=CL135_TR_1_x_489nt	comparative	KA1_KA2	projects/triticeae_F21FTSEUHT1241/comparative/KA1_KA2/post_tarean/satminer/report/rich_table.tsv	KA1_KA2	NA	NA	1	4	Putative satellites (low confidence)	489	0.11	6.879245283018868	3.9	0	20.94	CL00011	4	1997_Galasso_Genomic_Organization_And.pdf_pTa794				100	2.11e-17	P448	oligo	SMPL=KA1_KA2|ORG=None|GENOMES=None|ITER=1|RANK=4|ORIG=CL135_TR_1_x_489nt		SMPL=KA1_KA2|ORG=None|GENOMES=None|ITER=1|RANK=4|ORIG=CL135_TR_1_x_489nt		CL00011	triangle	0.11
SMPL=KA2_KA3|ORG=None|GENOMES=None|ITER=1|RANK=1|ORIG=CL116_TR_1_x_376nt	comparative	KA2_KA3	projects/triticeae_F21FTSEUHT1241/comparative/KA2_KA3/post_tarean/satminer/report/rich_table.tsv	KA2_KA3	NA	NA	1	1	Putative satellites (high confidence)	376	0.14	3.145833333333333	2.7	0	6.480000000000001	CL00004	5	AY117401.1	Aegilops speltoides	Aegilops speltoides subtelomeric repeat Spelt52.2 sequence		96.013	1.18e-137	17-251	oligo	SMPL=KA2_KA3|ORG=None|GENOMES=None|ITER=1|RANK=1|ORIG=CL116_TR_1_x_376nt		SMPL=KA2_KA3|ORG=None|GENOMES=None|ITER=1|RANK=1|ORIG=CL116_TR_1_x_376nt		CL00004	triangle	0.14
SMPL=KA2_KA3|ORG=None|GENOMES=None|ITER=1|RANK=1|ORIG=CL3_TR_1_x_118nt	comparative	KA2_KA3	projects/triticeae_F21FTSEUHT1241/comparative/KA2_KA3/post_tarean/satminer/report/rich_table.tsv	KA2_KA3	NA	NA	1	1	Putative satellites (high confidence)	118	2.38	9.491008403361343	8.75	3.1	18.1	CL00001	20	AJ517288.3	Hordeum bulbosum	Hordeum bulbosum satellite DNA, p147-3711		96.183	1.92e-56	P351_0	oligo	SMPL=KA2_KA3|ORG=None|GENOMES=None|ITER=1|RANK=1|ORIG=CL3_TR_1_x_118nt		SMPL=KA2_KA3|ORG=None|GENOMES=None|ITER=1|RANK=1|ORIG=CL3_TR_1_x_118nt		CL00001	triangle	2.38
SMPL=KA2_KA3|ORG=None|GENOMES=None|ITER=1|RANK=1|ORIG=CL96_TR_1_x_333nt	comparative	KA2_KA3	projects/triticeae_F21FTSEUHT1241/comparative/KA2_KA3/post_tarean/satminer/report/rich_table.tsv	KA2_KA3	NA	NA	1	1	Putative satellites (high confidence)	333	0.12	7.761290322580645	7.4	2.7100000000000004	14.77	CL00013	3	ON872663.1	Aegilops crassa	Aegilops crassa clone CL131 satellite sequence		92.835	1.75e-130	2022_Kroupin_Aegilops_crassa_Boiss._repeatome_characterized_CL149	oligo	SMPL=KA2_KA3|ORG=None|GENOMES=None|ITER=1|RANK=1|ORIG=CL96_TR_1_x_333nt		SMPL=KA2_KA3|ORG=None|GENOMES=None|ITER=1|RANK=1|ORIG=CL96_TR_1_x_333nt		CL00013	triangle	0.12
SMPL=KA2_KA3|ORG=None|GENOMES=None|ITER=1|RANK=2|ORIG=CL103_TR_1_x_74nt	comparative	KA2_KA3	projects/triticeae_F21FTSEUHT1241/comparative/KA2_KA3/post_tarean/satminer/report/rich_table.tsv	KA2_KA3	NA	NA	1	2	Putative satellites (low confidence)	74	0.21	6.599065420560748	6.1	0	15.839999999999998	CL00008	4	AH012974.2	Aegilops tauschii	Aegilops tauschii strain TA1649 transposon putative Ty3-gypsy-type retroelement, complete sequence; Lr21 gene, complete cds; transposon putative gypsy-type retroelement, complete sequence; putative GAG-POL precursor, gene, complete cds; and unknown genes		90.435	1.66e-79	2019_Wang_Diversified_Chromosome_Rearrangements_oligo-k566_by_Tang_et_al._(2014)	oligo	SMPL=KA2_KA3|ORG=None|GENOMES=None|ITER=1|RANK=2|ORIG=CL103_TR_1_x_74nt		SMPL=KA2_KA3|ORG=None|GENOMES=None|ITER=1|RANK=2|ORIG=CL103_TR_1_x_74nt		CL00008	triangle	0.21
SMPL=KA2_KA3|ORG=None|GENOMES=None|ITER=1|RANK=2|ORIG=CL104_TR_1_x_663nt	comparative	KA2_KA3	projects/triticeae_F21FTSEUHT1241/comparative/KA2_KA3/post_tarean/satminer/report/rich_table.tsv	KA2_KA3	NA	NA	1	2	Putative satellites (low confidence)	663	0.14	7.001408450704226	6	0.35	22.75	CL00006	5	MG323513.1	Agropyron cristatum	Agropyron cristatum clone ACRI_TR_CL80 satellite sequence		89.608	0	17-172	oligo	SMPL=KA2_KA3|ORG=None|GENOMES=None|ITER=1|RANK=2|ORIG=CL104_TR_1_x_663nt		SMPL=KA2_KA3|ORG=None|GENOMES=None|ITER=1|RANK=2|ORIG=CL104_TR_1_x_663nt		CL00006	triangle	0.14
SMPL=KA2_KA3|ORG=None|GENOMES=None|ITER=1|RANK=2|ORIG=CL133_TR_1_x_337nt	comparative	KA2_KA3	projects/triticeae_F21FTSEUHT1241/comparative/KA2_KA3/post_tarean/satminer/report/rich_table.tsv	KA2_KA3	NA	NA	1	2	Putative satellites (low confidence)	337	0.09	8.244444444444444	7.3	2.72	16.899999999999988	CL00002	7	KC290893.1	Triticum aestivum	Triticum aestivum clone pTa-173 FISH-positive repetitive sequence		94.985	4.83e-151	AC4x_CL3_339nt	oligo	SMPL=KA2_KA3|ORG=None|GENOMES=None|ITER=1|RANK=2|ORIG=CL133_TR_1_x_337nt		SMPL=KA2_KA3|ORG=None|GENOMES=None|ITER=1|RANK=2|ORIG=CL133_TR_1_x_337nt		CL00002	triangle	0.09
SMPL=KA2_KA3|ORG=None|GENOMES=None|ITER=1|RANK=2|ORIG=CL154_TR_1_x_90nt	comparative	KA2_KA3	projects/triticeae_F21FTSEUHT1241/comparative/KA2_KA3/post_tarean/satminer/report/rich_table.tsv	KA2_KA3	NA	NA	1	2	Putative satellites (low confidence)	90	0.11	9.329629629629627	7.7	0	24.335	CL00005	5	HM536202.1	Hordeum vulgare	Hordeum vulgare clone pHv-365 repeat region		78.07	3.09e-19	Oligo-119	oligo	SMPL=KA2_KA3|ORG=None|GENOMES=None|ITER=1|RANK=2|ORIG=CL154_TR_1_x_90nt		SMPL=KA2_KA3|ORG=None|GENOMES=None|ITER=1|RANK=2|ORIG=CL154_TR_1_x_90nt		CL00005	triangle	0.11
SMPL=KA2_KA3|ORG=None|GENOMES=None|ITER=1|RANK=2|ORIG=CL58_TR_1_x_504nt	comparative	KA2_KA3	projects/triticeae_F21FTSEUHT1241/comparative/KA2_KA3/post_tarean/satminer/report/rich_table.tsv	KA2_KA3	NA	NA	1	2	Putative satellites (low confidence)	504	0.37	10.897814207650272	8.1	2.21	27.080000000000005	CL00010	4	KC290912.1	Triticum aestivum	Triticum aestivum clone pTa-451 FISH-positive repetitive sequence		75.472	8.51e-93	2022_Kroupin_Aegilops_crassa_Boiss._repeatome_characterized_CL18	oligo	SMPL=KA2_KA3|ORG=None|GENOMES=None|ITER=1|RANK=2|ORIG=CL58_TR_1_x_504nt		SMPL=KA2_KA3|ORG=None|GENOMES=None|ITER=1|RANK=2|ORIG=CL58_TR_1_x_504nt		CL00010	triangle	0.37
SMPL=KA2_KA3|ORG=None|GENOMES=None|ITER=1|RANK=3|ORIG=CL35_TR_1_x_553nt	comparative	KA2_KA3	projects/triticeae_F21FTSEUHT1241/comparative/KA2_KA3/post_tarean/satminer/report/rich_table.tsv	KA2_KA3	NA	NA	1	3	Putative satellites (low confidence)	553	0.54	11.604832713754648	11.4	2.64	21.92	CL00009	4	2022_Kroupin_Aegilops_crassa_Boiss._repeatome_characterized_CL8				96.947	0	2022_Kroupin_Aegilops_crassa_Boiss._repeatome_characterized_CL8	oligo	SMPL=KA2_KA3|ORG=None|GENOMES=None|ITER=1|RANK=3|ORIG=CL35_TR_1_x_553nt		SMPL=KA2_KA3|ORG=None|GENOMES=None|ITER=1|RANK=3|ORIG=CL35_TR_1_x_553nt		CL00009	triangle	0.54
SMPL=KA2_KA3|ORG=None|GENOMES=None|ITER=1|RANK=4|ORIG=CL121_TR_1_x_434nt	comparative	KA2_KA3	projects/triticeae_F21FTSEUHT1241/comparative/KA2_KA3/post_tarean/satminer/report/rich_table.tsv	KA2_KA3	NA	NA	1	4	Putative satellites (low confidence)	434	0.12	8.030508474576271	5.3	0.98	19.01	CL00011	4	1997_Galasso_Genomic_Organization_And.pdf_pTa794				100	2.11e-17	P448	oligo	SMPL=KA2_KA3|ORG=None|GENOMES=None|ITER=1|RANK=4|ORIG=CL121_TR_1_x_434nt		SMPL=KA2_KA3|ORG=None|GENOMES=None|ITER=1|RANK=4|ORIG=CL121_TR_1_x_434nt		CL00011	triangle	0.12
SMPL=KA1|ORG=Aegilops_bicoris|GENOMES=None|ITER=1|RANK=1|ORIG=CL195_TR_1_x_371nt	sample	KA1	projects/triticeae_F21FTSEUHT1241/samples/KA1/post_tarean/satminer/report/rich_table.tsv	KA1	Aegilops_bicoris	NA	1	1	Putative satellites (high confidence)	371	0.01	4.314285714285714	3.4	1.3	7.889999999999998	CL00007	4	AY249986.1	Aegilops tauschii	Aegilops tauschii clone 4P6-9 tandem repeat sequence		95.772	0	P369	oligo	SMPL=KA1|ORG=Aegilops_bicoris|GENOMES=None|ITER=1|RANK=1|ORIG=CL195_TR_1_x_371nt		SMPL=KA1|ORG=Aegilops_bicoris|GENOMES=None|ITER=1|RANK=1|ORIG=CL195_TR_1_x_371nt		CL00007	dot	0.01
SMPL=KA1|ORG=Aegilops_bicoris|GENOMES=None|ITER=1|RANK=1|ORIG=CL5_TR_1_x_118nt	sample	KA1	projects/triticeae_F21FTSEUHT1241/samples/KA1/post_tarean/satminer/report/rich_table.tsv	KA1	Aegilops_bicoris	NA	1	1	Putative satellites (high confidence)	118	0.86	7.946386946386946	7.3	2.34	15.4	CL00001	20	AJ517288.3	Hordeum bulbosum	Hordeum bulbosum satellite DNA, p147-3711		96.183	1.92e-56	P351_0	oligo	SMPL=KA1|ORG=Aegilops_bicoris|GENOMES=None|ITER=1|RANK=1|ORIG=CL5_TR_1_x_118nt		SMPL=KA1|ORG=Aegilops_bicoris|GENOMES=None|ITER=1|RANK=1|ORIG=CL5_TR_1_x_118nt		CL00001	dot	0.86
SMPL=KA1|ORG=Aegilops_bicoris|GENOMES=None|ITER=1|RANK=2|ORIG=CL103_TR_1_x_74nt	sample	KA1	projects/triticeae_F21FTSEUHT1241/samples/KA1/post_tarean/satminer/report/rich_table.tsv	KA1	Aegilops_bicoris	NA	1	2	Putative satellites (low confidence)	74	0.17	8.583529411764706	8.1	2.9	16.279999999999998	CL00008	4	AH012974.2	Aegilops tauschii	Aegilops tauschii strain TA1649 transposon putative Ty3-gypsy-type retroelement, complete sequence; Lr21 gene, complete cds; transposon putative gypsy-type retroelement, complete sequence; putative GAG-POL precursor, gene, complete cds; and unknown genes		90.435	1.66e-79	2019_Wang_Diversified_Chromosome_Rearrangements_oligo-k566_by_Tang_et_al._(2014)	oligo	SMPL=KA1|ORG=Aegilops_bicoris|GENOMES=None|ITER=1|RANK=2|ORIG=CL103_TR_1_x_74nt		SMPL=KA1|ORG=Aegilops_bicoris|GENOMES=None|ITER=1|RANK=2|ORIG=CL103_TR_1_x_74nt		CL00008	dot	0.17
SMPL=KA1|ORG=Aegilops_bicoris|GENOMES=None|ITER=1|RANK=2|ORIG=CL116_TR_1_x_337nt	sample	KA1	projects/triticeae_F21FTSEUHT1241/samples/KA1/post_tarean/satminer/report/rich_table.tsv	KA1	Aegilops_bicoris	NA	1	2	Putative satellites (low confidence)	337	0.12	8.808064516129033	8.350000000000001	3.02	16.374999999999996	CL00002	7	KC290893.1	Triticum aestivum	Triticum aestivum clone pTa-173 FISH-positive repetitive sequence		94.985	4.83e-151	AC4x_CL3_339nt	oligo	SMPL=KA1|ORG=Aegilops_bicoris|GENOMES=None|ITER=1|RANK=2|ORIG=CL116_TR_1_x_337nt		SMPL=KA1|ORG=Aegilops_bicoris|GENOMES=None|ITER=1|RANK=2|ORIG=CL116_TR_1_x_337nt		CL00002	dot	0.12
SMPL=KA1|ORG=Aegilops_bicoris|GENOMES=None|ITER=1|RANK=2|ORIG=CL146_TR_1_x_171nt	sample	KA1	projects/triticeae_F21FTSEUHT1241/samples/KA1/post_tarean/satminer/report/rich_table.tsv	KA1	Aegilops_bicoris	NA	1	2	Putative satellites (low confidence)	171	0.08	8.888095238095238	7.5	2.7	19.675	CL00018	2	EU289334.1	Triticum aestivum	Triticum aestivum clone WMS644 microsatellite sequence		83.516	2.59e-18	2018_Said_The_Agropyron_cristatum_karyotype_ACRI_CL215	weak	SMPL=KA1|ORG=Aegilops_bicoris|GENOMES=None|ITER=1|RANK=2|ORIG=CL146_TR_1_x_171nt		SMPL=KA1|ORG=Aegilops_bicoris|GENOMES=None|ITER=1|RANK=2|ORIG=CL146_TR_1_x_171nt		CL00018	dot	0.08
SMPL=KA1|ORG=Aegilops_bicoris|GENOMES=None|ITER=1|RANK=2|ORIG=CL172_TR_1_x_247nt	sample	KA1	projects/triticeae_F21FTSEUHT1241/samples/KA1/post_tarean/satminer/report/rich_table.tsv	KA1	Aegilops_bicoris	NA	1	2	Putative satellites (low confidence)	247	0.06	6.421875	4.300000000000001	0	17.27	CL00014	3	MK256656.1	Aegilops tauschii	Aegilops tauschii microsatellite P431 sequence		86.561	7.31e-73	P431	oligo	SMPL=KA1|ORG=Aegilops_bicoris|GENOMES=None|ITER=1|RANK=2|ORIG=CL172_TR_1_x_247nt		SMPL=KA1|ORG=Aegilops_bicoris|GENOMES=None|ITER=1|RANK=2|ORIG=CL172_TR_1_x_247nt		CL00014	dot	0.06
SMPL=KA1|ORG=Aegilops_bicoris|GENOMES=None|ITER=1|RANK=2|ORIG=CL192_TR_1_x_31nt	sample	KA1	projects/triticeae_F21FTSEUHT1241/samples/KA1/post_tarean/satminer/report/rich_table.tsv	KA1	Aegilops_bicoris	NA	1	2	Putative satellites (low confidence)	31	0.07	3.32972972972973	3.3	0	7.459999999999988	CL00023	1	P68				100	1.73e-10	Oligo-37	oligo	SMPL=KA1|ORG=Aegilops_bicoris|GENOMES=None|ITER=1|RANK=2|ORIG=CL192_TR_1_x_31nt		SMPL=KA1|ORG=Aegilops_bicoris|GENOMES=None|ITER=1|RANK=2|ORIG=CL192_TR_1_x_31nt		CL00023	dot	0.07
SMPL=KA1|ORG=Aegilops_bicoris|GENOMES=None|ITER=1|RANK=2|ORIG=CL25_TR_1_x_580nt	sample	KA1	projects/triticeae_F21FTSEUHT1241/samples/KA1/post_tarean/satminer/report/rich_table.tsv	KA1	Aegilops_bicoris	NA	1	2	Putative satellites (low confidence)	580	0.6	10.91953642384106	10.15	2.41	20.379999999999995	CL00009	4	2022_Kroupin_Aegilops_crassa_Boiss._repeatome_characterized_CL8				96.947	0	2022_Kroupin_Aegilops_crassa_Boiss._repeatome_characterized_CL8	oligo	SMPL=KA1|ORG=Aegilops_bicoris|GENOMES=None|ITER=1|RANK=2|ORIG=CL25_TR_1_x_580nt		SMPL=KA1|ORG=Aegilops_bicoris|GENOMES=None|ITER=1|RANK=2|ORIG=CL25_TR_1_x_580nt		CL00009	dot	0.6
SMPL=KA1|ORG=Aegilops_bicoris|GENOMES=None|ITER=1|RANK=2|ORIG=CL82_TR_1_x_333nt	sample	KA1	projects/triticeae_F21FTSEUHT1241/samples/KA1/post_tarean/satminer/report/rich_table.tsv	KA1	Aegilops_bicoris	NA	1	2	Putative satellites (low confidence)	333	0.2	7.276237623762376	6.5	1.5	15.9	CL00013	3	ON872663.1	Aegilops crassa	Aegilops crassa clone CL131 satellite sequence		92.835	1.75e-130	2022_Kroupin_Aegilops_crassa_Boiss._repeatome_characterized_CL149	oligo	SMPL=KA1|ORG=Aegilops_bicoris|GENOMES=None|ITER=1|RANK=2|ORIG=CL82_TR_1_x_333nt		SMPL=KA1|ORG=Aegilops_bicoris|GENOMES=None|ITER=1|RANK=2|ORIG=CL82_TR_1_x_333nt		CL00013	dot	0.2
SMPL=KA1|ORG=Aegilops_bicoris|GENOMES=None|ITER=1|RANK=2|ORIG=CL98_TR_1_x_64nt	sample	KA1	projects/triticeae_F21FTSEUHT1241/samples/KA1/post_tarean/satminer/report/rich_table.tsv	KA1	Aegilops_bicoris	NA	1	2	Putative satellites (low confidence)	64	0.17	10.91547619047619	10.4	3.515	20	CL00024	1	KT724937.1	Secale cereale	Secale cereale clone BAC 84C15 satellite Xba sequence; and retrotransposon TREP3344, complete sequence		85.714	3.83e-14	P126	oligo	SMPL=KA1|ORG=Aegilops_bicoris|GENOMES=None|ITER=1|RANK=2|ORIG=CL98_TR_1_x_64nt		SMPL=KA1|ORG=Aegilops_bicoris|GENOMES=None|ITER=1|RANK=2|ORIG=CL98_TR_1_x_64nt		CL00024	dot	0.17
SMPL=KA1|ORG=Aegilops_bicoris|GENOMES=None|ITER=1|RANK=3|ORIG=CL56_TR_1_x_503nt	sample	KA1	projects/triticeae_F21FTSEUHT1241/samples/KA1/post_tarean/satminer/report/rich_table.tsv	KA1	Aegilops_bicoris	NA	1	3	Putative satellites (low confidence)	503	0.43	14.566976744186046	13	3.65	29.61999999999999	CL00010	4	KC290912.1	Triticum aestivum	Triticum aestivum clone pTa-451 FISH-positive repetitive sequence		75.472	8.51e-93	2022_Kroupin_Aegilops_crassa_Boiss._repeatome_characterized_CL18	oligo	SMPL=KA1|ORG=Aegilops_bicoris|GENOMES=None|ITER=1|RANK=3|ORIG=CL56_TR_1_x_503nt		SMPL=KA1|ORG=Aegilops_bicoris|GENOMES=None|ITER=1|RANK=3|ORIG=CL56_TR_1_x_503nt		CL00010	dot	0.43
SMPL=KA1|ORG=Aegilops_bicoris|GENOMES=None|ITER=2|RANK=1|ORIG=CL1_TR_1_x_118nt	sample	KA1	projects/triticeae_F21FTSEUHT1241/samples/KA1/post_tarean/satminer/report/rich_table.tsv	KA1	Aegilops_bicoris	NA	2	1	Putative satellites (high confidence)	118	0.95	11.031865828092243	10.8	4.98	18	CL00001	20	AJ517288.3	Hordeum bulbosum	Hordeum bulbosum satellite DNA, p147-3711		96.183	1.92e-56	P351_0	oligo	SMPL=KA1|ORG=Aegilops_bicoris|GENOMES=None|ITER=2|RANK=1|ORIG=CL1_TR_1_x_118nt		SMPL=KA1|ORG=Aegilops_bicoris|GENOMES=None|ITER=2|RANK=1|ORIG=CL1_TR_1_x_118nt		CL00001	dot	0.95
SMPL=KA1|ORG=Aegilops_bicoris|GENOMES=None|ITER=2|RANK=1|ORIG=CL217_TR_1_x_46nt	sample	KA1	projects/triticeae_F21FTSEUHT1241/samples/KA1/post_tarean/satminer/report/rich_table.tsv	KA1	Aegilops_bicoris	NA	2	1	Putative satellites (high confidence)	46	0.05	7.186956521739131	6.5	2.2	16.98999999999999	CL00019	2	P271				100	1.69e-24	P271	oligo	SMPL=KA1|ORG=Aegilops_bicoris|GENOMES=None|ITER=2|RANK=1|ORIG=CL217_TR_1_x_46nt		SMPL=KA1|ORG=Aegilops_bicoris|GENOMES=None|ITER=2|RANK=1|ORIG=CL217_TR_1_x_46nt		CL00019	dot	0.05
SMPL=KA1|ORG=Aegilops_bicoris|GENOMES=None|ITER=2|RANK=1|ORIG=CL60_TR_1_x_369nt	sample	KA1	projects/triticeae_F21FTSEUHT1241/samples/KA1/post_tarean/satminer/report/rich_table.tsv	KA1	Aegilops_bicoris	NA	2	1	Putative satellites (high confidence)	369	0.01	5.1	4.7	2.8400000000000003	7.74	CL00007	4	AY249986.1	Aegilops tauschii	Aegilops tauschii clone 4P6-9 tandem repeat sequence		95.772	0	P369	oligo	SMPL=KA1|ORG=Aegilops_bicoris|GENOMES=None|ITER=2|RANK=1|ORIG=CL60_TR_1_x_369nt		SMPL=KA1|ORG=Aegilops_bicoris|GENOMES=None|ITER=2|RANK=1|ORIG=CL60_TR_1_x_369nt		CL00007	dot	0.01
SMPL=KA1|ORG=Aegilops_bicoris|GENOMES=None|ITER=2|RANK=2|ORIG=CL161_TR_1_x_119nt	sample	KA1	projects/triticeae_F21FTSEUHT1241/samples/KA1/post_tarean/satminer/report/rich_table.tsv	KA1	Aegilops_bicoris	NA	2	2	Putative satellites (low confidence)	119	0.12	14.145762711864409	13.1	2.250000000000001	26.36	CL00005	5	HM536202.1	Hordeum vulgare	Hordeum vulgare clone pHv-365 repeat region		78.07	3.09e-19	Oligo-119	oligo	SMPL=KA1|ORG=Aegilops_bicoris|GENOMES=None|ITER=2|RANK=2|ORIG=CL161_TR_1_x_119nt		SMPL=KA1|ORG=Aegilops_bicoris|GENOMES=None|ITER=2|RANK=2|ORIG=CL161_TR_1_x_119nt		CL00005	dot	0.12
SMPL=KA1|ORG=Aegilops_bicoris|GENOMES=None|ITER=2|RANK=2|ORIG=CL196_TR_1_x_187nt	sample	KA1	projects/triticeae_F21FTSEUHT1241/samples/KA1/post_tarean/satminer/report/rich_table.tsv	KA1	Aegilops_bicoris	NA	2	2	Putative satellites (low confidence)	187	0.04	9.485	7.25	3.5650000000000004	21.2	CL00025	1	P38				100	0.006	P38	weak	SMPL=KA1|ORG=Aegilops_bicoris|GENOMES=None|ITER=2|RANK=2|ORIG=CL196_TR_1_x_187nt		SMPL=KA1|ORG=Aegilops_bicoris|GENOMES=None|ITER=2|RANK=2|ORIG=CL196_TR_1_x_187nt		CL00025	dot	0.04
SMPL=KA1|ORG=Aegilops_bicoris|GENOMES=None|ITER=2|RANK=2|ORIG=CL31_TR_1_x_866nt	sample	KA1	projects/triticeae_F21FTSEUHT1241/samples/KA1/post_tarean/satminer/report/rich_table.tsv	KA1	Aegilops_bicoris	NA	2	2	Putative satellites (low confidence)	866	0.08	12.375	8	1.3949999999999998	31.93999999999999	CL00026	1	XM_044587414.1	Triticum aestivum	PREDICTED: Triticum aestivum ankyrin repeat domain-containing protein 65 (LOC123169545), transcript variant X1, mRNA		76.923	2.85e-18	2017_Han_Isolation_And_Application_pAcpCR1	weak	SMPL=KA1|ORG=Aegilops_bicoris|GENOMES=None|ITER=2|RANK=2|ORIG=CL31_TR_1_x_866nt		SMPL=KA1|ORG=Aegilops_bicoris|GENOMES=None|ITER=2|RANK=2|ORIG=CL31_TR_1_x_866nt		CL00026	dot	0.08
SMPL=KA1|ORG=Aegilops_bicoris|GENOMES=None|ITER=3|RANK=1|ORIG=CL1_TR_1_x_118nt	sample	KA1	projects/triticeae_F21FTSEUHT1241/samples/KA1/post_tarean/satminer/report/rich_table.tsv	KA1	Aegilops_bicoris	NA	3	1	Putative satellites (high confidence)	118	0.44	9.74181818181818	9.5	5.075	15.644999999999984	CL00001	20	AJ517288.3	Hordeum bulbosum	Hordeum bulbosum satellite DNA, p147-3711		96.183	1.92e-56	P351_0	oligo	SMPL=KA1|ORG=Aegilops_bicoris|GENOMES=None|ITER=3|RANK=1|ORIG=CL1_TR_1_x_118nt		SMPL=KA1|ORG=Aegilops_bicoris|GENOMES=None|ITER=3|RANK=1|ORIG=CL1_TR_1_x_118nt		CL00001	dot	0.44
SMPL=KA1|ORG=Aegilops_bicoris|GENOMES=None|ITER=3|RANK=1|ORIG=CL6_TR_1_x_369nt	sample	KA1	projects/triticeae_F21FTSEUHT1241/samples/KA1/post_tarean/satminer/report/rich_table.tsv	KA1	Aegilops_bicoris	NA	3	1	Putative satellites (high confidence)	369	0.02	4.9375	4.7	2.49	7.09	CL00007	4	AY249986.1	Aegilops tauschii	Aegilops tauschii clone 4P6-9 tandem repeat sequence		95.772	0	P369	oligo	SMPL=KA1|ORG=Aegilops_bicoris|GENOMES=None|ITER=3|RANK=1|ORIG=CL6_TR_1_x_369nt		SMPL=KA1|ORG=Aegilops_bicoris|GENOMES=None|ITER=3|RANK=1|ORIG=CL6_TR_1_x_369nt		CL00007	dot	0.02
SMPL=KA1|ORG=Aegilops_bicoris|GENOMES=None|ITER=3|RANK=2|ORIG=CL56_TR_1_x_46nt	sample	KA1	projects/triticeae_F21FTSEUHT1241/samples/KA1/post_tarean/satminer/report/rich_table.tsv	KA1	Aegilops_bicoris	NA	3	2	Putative satellites (low confidence)	46	0.04	7.054545454545454	6.6	2.2	13.3	CL00019	2	P271				100	1.69e-24	P271	oligo	SMPL=KA1|ORG=Aegilops_bicoris|GENOMES=None|ITER=3|RANK=2|ORIG=CL56_TR_1_x_46nt		SMPL=KA1|ORG=Aegilops_bicoris|GENOMES=None|ITER=3|RANK=2|ORIG=CL56_TR_1_x_46nt		CL00019	dot	0.04
SMPL=KA2|ORG=Aegilops_sharonesis|GENOMES=None|ITER=1|RANK=1|ORIG=CL1_TR_1_x_118nt	sample	KA2	projects/triticeae_F21FTSEUHT1241/samples/KA2/post_tarean/satminer/report/rich_table.tsv	KA2	Aegilops_sharonesis	NA	1	1	Putative satellites (high confidence)	118	1.38	8.85355587808418	8.5	3.4000000000000004	15.760000000000002	CL00001	20	AJ517288.3	Hordeum bulbosum	Hordeum bulbosum satellite DNA, p147-3711		96.183	1.92e-56	P351_0	oligo	SMPL=KA2|ORG=Aegilops_sharonesis|GENOMES=None|ITER=1|RANK=1|ORIG=CL1_TR_1_x_118nt		SMPL=KA2|ORG=Aegilops_sharonesis|GENOMES=None|ITER=1|RANK=1|ORIG=CL1_TR_1_x_118nt		CL00001	dot	1.38
SMPL=KA2|ORG=Aegilops_sharonesis|GENOMES=None|ITER=1|RANK=1|ORIG=CL68_TR_1_x_376nt	sample	KA2	projects/triticeae_F21FTSEUHT1241/samples/KA2/post_tarean/satminer/report/rich_table.tsv	KA2	Aegilops_sharonesis	NA	1	1	Putative satellites (high confidence)	376	0.05	4.279166666666667	4.35	0.1950000000000001	8.399999999999995	CL00004	5	AY117401.1	Aegilops speltoides	Aegilops speltoides subtelomeric repeat Spelt52.2 sequence		96.013	1.18e-137	17-251	oligo	SMPL=KA2|ORG=Aegilops_sharonesis|GENOMES=None|ITER=1|RANK=1|ORIG=CL68_TR_1_x_376nt		SMPL=KA2|ORG=Aegilops_sharonesis|GENOMES=None|ITER=1|RANK=1|ORIG=CL68_TR_1_x_376nt		CL00004	dot	0.05
SMPL=KA2|ORG=Aegilops_sharonesis|GENOMES=None|ITER=1|RANK=1|ORIG=CL91_TR_1_x_663nt	sample	KA2	projects/triticeae_F21FTSEUHT1241/samples/KA2/post_tarean/satminer/report/rich_table.tsv	KA2	Aegilops_sharonesis	NA	1	1	Putative satellites (high confidence)	663	0.05	5.16	5.6	1.62	9.9	CL00006	5	MG323513.1	Agropyron cristatum	Agropyron cristatum clone ACRI_TR_CL80 satellite sequence		89.608	0	17-172	oligo	SMPL=KA2|ORG=Aegilops_sharonesis|GENOMES=None|ITER=1|RANK=1|ORIG=CL91_TR_1_x_663nt		SMPL=KA2|ORG=Aegilops_sharonesis|GENOMES=None|ITER=1|RANK=1|ORIG=CL91_TR_1_x_663nt		CL00006	dot	0.05
SMPL=KA2|ORG=Aegilops_sharonesis|GENOMES=None|ITER=1|RANK=2|ORIG=CL133_TR_1_x_247nt	sample	KA2	projects/triticeae_F21FTSEUHT1241/samples/KA2/post_tarean/satminer/report/rich_table.tsv	KA2	Aegilops_sharonesis	NA	1	2	Putative satellites (low confidence)	247	0.09	7.474468085106383	5.3	0	17.740000000000002	CL00014	3	MK256656.1	Aegilops tauschii	Aegilops tauschii microsatellite P431 sequence		86.561	7.31e-73	P431	oligo	SMPL=KA2|ORG=Aegilops_sharonesis|GENOMES=None|ITER=1|RANK=2|ORIG=CL133_TR_1_x_247nt		SMPL=KA2|ORG=Aegilops_sharonesis|GENOMES=None|ITER=1|RANK=2|ORIG=CL133_TR_1_x_247nt		CL00014	dot	0.09
SMPL=KA2|ORG=Aegilops_sharonesis|GENOMES=None|ITER=1|RANK=2|ORIG=CL143_TR_1_x_122nt	sample	KA2	projects/triticeae_F21FTSEUHT1241/samples/KA2/post_tarean/satminer/report/rich_table.tsv	KA2	Aegilops_sharonesis	NA	1	2	Putative satellites (low confidence)	122	0.09	6.608888888888888	6.4	2	11.439999999999998	CL00016	3	MN587591.1	Pseudoroegneria stipifolia	Pseudoroegneria stipifolia isolate L15 microsatellite sequence		80.328	6.63e-16	P121_0	oligo	SMPL=KA2|ORG=Aegilops_sharonesis|GENOMES=None|ITER=1|RANK=2|ORIG=CL143_TR_1_x_122nt		SMPL=KA2|ORG=Aegilops_sharonesis|GENOMES=None|ITER=1|RANK=2|ORIG=CL143_TR_1_x_122nt		CL00016	dot	0.09
SMPL=KA2|ORG=Aegilops_sharonesis|GENOMES=None|ITER=1|RANK=2|ORIG=CL156_TR_1_x_152nt	sample	KA2	projects/triticeae_F21FTSEUHT1241/samples/KA2/post_tarean/satminer/report/rich_table.tsv	KA2	Aegilops_sharonesis	NA	1	2	Putative satellites (low confidence)	152	0.07	5.709090909090909	3.1	2.16	13.98	CL00027	1	2017_Han_Isolation_And_Application_pAcPR2				100	4.3	2017_Han_Isolation_And_Application_pAcPR2	weak	SMPL=KA2|ORG=Aegilops_sharonesis|GENOMES=None|ITER=1|RANK=2|ORIG=CL156_TR_1_x_152nt		SMPL=KA2|ORG=Aegilops_sharonesis|GENOMES=None|ITER=1|RANK=2|ORIG=CL156_TR_1_x_152nt		CL00027	dot	0.07
SMPL=KA2|ORG=Aegilops_sharonesis|GENOMES=None|ITER=1|RANK=2|ORIG=CL164_TR_1_x_90nt	sample	KA2	projects/triticeae_F21FTSEUHT1241/samples/KA2/post_tarean/satminer/report/rich_table.tsv	KA2	Aegilops_sharonesis	NA	1	2	Putative satellites (low confidence)	90	0.09	7.915909090909091	7.2	0	19.455	CL00005	5	HM536202.1	Hordeum vulgare	Hordeum vulgare clone pHv-365 repeat region		78.07	3.09e-19	Oligo-119	oligo	SMPL=KA2|ORG=Aegilops_sharonesis|GENOMES=None|ITER=1|RANK=2|ORIG=CL164_TR_1_x_90nt		SMPL=KA2|ORG=Aegilops_sharonesis|GENOMES=None|ITER=1|RANK=2|ORIG=CL164_TR_1_x_90nt		CL00005	dot	0.09
SMPL=KA2|ORG=Aegilops_sharonesis|GENOMES=None|ITER=1|RANK=2|ORIG=CL173_TR_1_x_326nt	sample	KA2	projects/triticeae_F21FTSEUHT1241/samples/KA2/post_tarean/satminer/report/rich_table.tsv	KA2	Aegilops_sharonesis	NA	1	2	Putative satellites (low confidence)	326	0.06	7.617241379310345	8	0.8	13.899999999999997	CL00002	7	KC290893.1	Triticum aestivum	Triticum aestivum clone pTa-173 FISH-positive repetitive sequence		94.985	4.83e-151	AC4x_CL3_339nt	oligo	SMPL=KA2|ORG=Aegilops_sharonesis|GENOMES=None|ITER=1|RANK=2|ORIG=CL173_TR_1_x_326nt		SMPL=KA2|ORG=Aegilops_sharonesis|GENOMES=None|ITER=1|RANK=2|ORIG=CL173_TR_1_x_326nt		CL00002	dot	0.06
SMPL=KA2|ORG=Aegilops_sharonesis|GENOMES=None|ITER=2|RANK=1|ORIG=CL1_TR_1_x_118nt	sample	KA2	projects/triticeae_F21FTSEUHT1241/samples/KA2/post_tarean/satminer/report/rich_table.tsv	KA2	Aegilops_sharonesis	NA	2	1	Putative satellites (high confidence)	118	2.24	9.400714285714283	8.7	3.895000000000001	17.3	CL00001	20	AJ517288.3	Hordeum bulbosum	Hordeum bulbosum satellite DNA, p147-3711		96.183	1.92e-56	P351_0	oligo	SMPL=KA2|ORG=Aegilops_sharonesis|GENOMES=None|ITER=2|RANK=1|ORIG=CL1_TR_1_x_118nt		SMPL=KA2|ORG=Aegilops_sharonesis|GENOMES=None|ITER=2|RANK=1|ORIG=CL1_TR_1_x_118nt		CL00001	dot	2.24
SMPL=KA2|ORG=Aegilops_sharonesis|GENOMES=None|ITER=2|RANK=1|ORIG=CL2_TR_1_x_376nt	sample	KA2	projects/triticeae_F21FTSEUHT1241/samples/KA2/post_tarean/satminer/report/rich_table.tsv	KA2	Aegilops_sharonesis	NA	2	1	Putative satellites (high confidence)	376	0.05	2.965217391304348	3.3	0.8500000000000001	5.58	CL00004	5	AY117401.1	Aegilops speltoides	Aegilops speltoides subtelomeric repeat Spelt52.2 sequence		96.013	1.18e-137	17-251	oligo	SMPL=KA2|ORG=Aegilops_sharonesis|GENOMES=None|ITER=2|RANK=1|ORIG=CL2_TR_1_x_376nt		SMPL=KA2|ORG=Aegilops_sharonesis|GENOMES=None|ITER=2|RANK=1|ORIG=CL2_TR_1_x_376nt		CL00004	dot	0.05
SMPL=KA2|ORG=Aegilops_sharonesis|GENOMES=None|ITER=2|RANK=1|ORIG=CL57_TR_1_x_44nt	sample	KA2	projects/triticeae_F21FTSEUHT1241/samples/KA2/post_tarean/satminer/report/rich_table.tsv	KA2	Aegilops_sharonesis	NA	2	1	Putative satellites (high confidence)	44	0.05	5.630434782608695	4.8	0.2400000000000002	11.209999999999996	CL00020	2	2022_Kroupin_Aegilops_crassa_Boiss._repeatome_characterized_CL241				100	9.41e-23	2022_Kroupin_Aegilops_crassa_Boiss._repeatome_characterized_CL241	oligo	SMPL=KA2|ORG=Aegilops_sharonesis|GENOMES=None|ITER=2|RANK=1|ORIG=CL57_TR_1_x_44nt		SMPL=KA2|ORG=Aegilops_sharonesis|GENOMES=None|ITER=2|RANK=1|ORIG=CL57_TR_1_x_44nt		CL00020	dot	0.05
SMPL=KA2|ORG=Aegilops_sharonesis|GENOMES=None|ITER=2|RANK=1|ORIG=CL5_TR_1_x_662nt	sample	KA2	projects/triticeae_F21FTSEUHT1241/samples/KA2/post_tarean/satminer/report/rich_table.tsv	KA2	Aegilops_sharonesis	NA	2	1	Putative satellites (high confidence)	662	0.04	7.125	5.75	3.27	14.505000000000008	CL00006	5	MG323513.1	Agropyron cristatum	Agropyron cristatum clone ACRI_TR_CL80 satellite sequence		89.608	0	17-172	oligo	SMPL=KA2|ORG=Aegilops_sharonesis|GENOMES=None|ITER=2|RANK=1|ORIG=CL5_TR_1_x_662nt		SMPL=KA2|ORG=Aegilops_sharonesis|GENOMES=None|ITER=2|RANK=1|ORIG=CL5_TR_1_x_662nt		CL00006	dot	0.04
SMPL=KA2|ORG=Aegilops_sharonesis|GENOMES=None|ITER=3|RANK=1|ORIG=CL1_TR_1_x_118nt	sample	KA2	projects/triticeae_F21FTSEUHT1241/samples/KA2/post_tarean/satminer/report/rich_table.tsv	KA2	Aegilops_sharonesis	NA	3	1	Putative satellites (high confidence)	118	0.88	10.747272727272728	10.6	4.680000000000001	17.609999999999992	CL00001	20	AJ517288.3	Hordeum bulbosum	Hordeum bulbosum satellite DNA, p147-3711		96.183	1.92e-56	P351_0	oligo	SMPL=KA2|ORG=Aegilops_sharonesis|GENOMES=None|ITER=3|RANK=1|ORIG=CL1_TR_1_x_118nt		SMPL=KA2|ORG=Aegilops_sharonesis|GENOMES=None|ITER=3|RANK=1|ORIG=CL1_TR_1_x_118nt		CL00001	dot	0.88
SMPL=KA2|ORG=Aegilops_sharonesis|GENOMES=None|ITER=3|RANK=1|ORIG=CL24_TR_1_x_44nt	sample	KA2	projects/triticeae_F21FTSEUHT1241/samples/KA2/post_tarean/satminer/report/rich_table.tsv	KA2	Aegilops_sharonesis	NA	3	1	Putative satellites (high confidence)	44	0.04	8.68421052631579	7	3.02	13.829999999999997	CL00021	2	2019_Kroupin_Development_of_new_cytogenetic_markers_for_Thinopyrum_ponticum_P132				97.778	1.3e-18	2019_Kroupin_Development_of_new_cytogenetic_markers_for_Thinopyrum_ponticum_P132	oligo	SMPL=KA2|ORG=Aegilops_sharonesis|GENOMES=None|ITER=3|RANK=1|ORIG=CL24_TR_1_x_44nt		SMPL=KA2|ORG=Aegilops_sharonesis|GENOMES=None|ITER=3|RANK=1|ORIG=CL24_TR_1_x_44nt		CL00021	dot	0.04
SMPL=KA2|ORG=Aegilops_sharonesis|GENOMES=None|ITER=3|RANK=1|ORIG=CL2_TR_1_x_376nt	sample	KA2	projects/triticeae_F21FTSEUHT1241/samples/KA2/post_tarean/satminer/report/rich_table.tsv	KA2	Aegilops_sharonesis	NA	3	1	Putative satellites (high confidence)	376	0.11	2.955555555555556	2.7	0	6.504999999999999	CL00004	5	AY117401.1	Aegilops speltoides	Aegilops speltoides subtelomeric repeat Spelt52.2 sequence		96.013	1.18e-137	17-251	oligo	SMPL=KA2|ORG=Aegilops_sharonesis|GENOMES=None|ITER=3|RANK=1|ORIG=CL2_TR_1_x_376nt		SMPL=KA2|ORG=Aegilops_sharonesis|GENOMES=None|ITER=3|RANK=1|ORIG=CL2_TR_1_x_376nt		CL00004	dot	0.11
SMPL=KA2|ORG=Aegilops_sharonesis|GENOMES=None|ITER=3|RANK=2|ORIG=CL3_TR_1_x_663nt	sample	KA2	projects/triticeae_F21FTSEUHT1241/samples/KA2/post_tarean/satminer/report/rich_table.tsv	KA2	Aegilops_sharonesis	NA	3	2	Putative satellites (low confidence)	663	0.07	7.3764705882352946	5.85	1.7	21.08	CL00006	5	MG323513.1	Agropyron cristatum	Agropyron cristatum clone ACRI_TR_CL80 satellite sequence		89.608	0	17-172	oligo	SMPL=KA2|ORG=Aegilops_sharonesis|GENOMES=None|ITER=3|RANK=2|ORIG=CL3_TR_1_x_663nt		SMPL=KA2|ORG=Aegilops_sharonesis|GENOMES=None|ITER=3|RANK=2|ORIG=CL3_TR_1_x_663nt		CL00006	dot	0.07
SMPL=KA3|ORG=Aegilops_kotschyi|GENOMES=None|ITER=1|RANK=1|ORIG=CL12_TR_1_x_118nt	sample	KA3	projects/triticeae_F21FTSEUHT1241/samples/KA3/post_tarean/satminer/report/rich_table.tsv	KA3	Aegilops_kotschyi	NA	1	1	Putative satellites (high confidence)	118	0.41	10.184466019417476	9.85	3.5	18.4	CL00001	20	AJ517288.3	Hordeum bulbosum	Hordeum bulbosum satellite DNA, p147-3711		96.183	1.92e-56	P351_0	oligo	SMPL=KA3|ORG=Aegilops_kotschyi|GENOMES=None|ITER=1|RANK=1|ORIG=CL12_TR_1_x_118nt		SMPL=KA3|ORG=Aegilops_kotschyi|GENOMES=None|ITER=1|RANK=1|ORIG=CL12_TR_1_x_118nt		CL00001	dot	0.41
SMPL=KA3|ORG=Aegilops_kotschyi|GENOMES=None|ITER=1|RANK=1|ORIG=CL144_TR_1_x_119nt	sample	KA3	projects/triticeae_F21FTSEUHT1241/samples/KA3/post_tarean/satminer/report/rich_table.tsv	KA3	Aegilops_kotschyi	NA	1	1	Putative satellites (high confidence)	119	0.14	10.024285714285716	8.3	0.935	23.75	CL00005	5	HM536202.1	Hordeum vulgare	Hordeum vulgare clone pHv-365 repeat region		78.07	3.09e-19	Oligo-119	oligo	SMPL=KA3|ORG=Aegilops_kotschyi|GENOMES=None|ITER=1|RANK=1|ORIG=CL144_TR_1_x_119nt		SMPL=KA3|ORG=Aegilops_kotschyi|GENOMES=None|ITER=1|RANK=1|ORIG=CL144_TR_1_x_119nt		CL00005	dot	0.14
SMPL=KA3|ORG=Aegilops_kotschyi|GENOMES=None|ITER=1|RANK=2|ORIG=CL130_TR_1_x_338nt	sample	KA3	projects/triticeae_F21FTSEUHT1241/samples/KA3/post_tarean/satminer/report/rich_table.tsv	KA3	Aegilops_kotschyi	NA	1	2	Putative satellites (low confidence)	338	0.1	9.174	9.3	4.945	14.079999999999997	CL00002	7	KC290893.1	Triticum aestivum	Triticum aestivum clone pTa-173 FISH-positive repetitive sequence		94.985	4.83e-151	AC4x_CL3_339nt	oligo	SMPL=KA3|ORG=Aegilops_kotschyi|GENOMES=None|ITER=1|RANK=2|ORIG=CL130_TR_1_x_338nt		SMPL=KA3|ORG=Aegilops_kotschyi|GENOMES=None|ITER=1|RANK=2|ORIG=CL130_TR_1_x_338nt		CL00002	dot	0.1
SMPL=KA3|ORG=Aegilops_kotschyi|GENOMES=None|ITER=1|RANK=2|ORIG=CL162_TR_1_x_184nt	sample	KA3	projects/triticeae_F21FTSEUHT1241/samples/KA3/post_tarean/satminer/report/rich_table.tsv	KA3	Aegilops_kotschyi	NA	1	2	Putative satellites (low confidence)	184	0.09	10.469767441860466	9.7	1.32	20.41	CL00028	1	2017_Linc_Molecular_cytogenetic_(FISH)_HT100.3_(TTTAGGG)n				100	323	2013_Gong_Development_and_utilization_of_new_sequenced_4I694	weak	SMPL=KA3|ORG=Aegilops_kotschyi|GENOMES=None|ITER=1|RANK=2|ORIG=CL162_TR_1_x_184nt		SMPL=KA3|ORG=Aegilops_kotschyi|GENOMES=None|ITER=1|RANK=2|ORIG=CL162_TR_1_x_184nt		CL00028	dot	0.09
SMPL=KA3|ORG=Aegilops_kotschyi|GENOMES=None|ITER=1|RANK=2|ORIG=CL193_TR_1_x_44nt	sample	KA3	projects/triticeae_F21FTSEUHT1241/samples/KA3/post_tarean/satminer/report/rich_table.tsv	KA3	Aegilops_kotschyi	NA	1	2	Putative satellites (low confidence)	44	0.12	5.563793103448275	4.5	0	13.599999999999998	CL00021	2	2019_Kroupin_Development_of_new_cytogenetic_markers_for_Thinopyrum_ponticum_P132				97.778	1.3e-18	2019_Kroupin_Development_of_new_cytogenetic_markers_for_Thinopyrum_ponticum_P132	oligo	SMPL=KA3|ORG=Aegilops_kotschyi|GENOMES=None|ITER=1|RANK=2|ORIG=CL193_TR_1_x_44nt		SMPL=KA3|ORG=Aegilops_kotschyi|GENOMES=None|ITER=1|RANK=2|ORIG=CL193_TR_1_x_44nt		CL00021	dot	0.12
SMPL=KA3|ORG=Aegilops_kotschyi|GENOMES=None|ITER=1|RANK=2|ORIG=CL196_TR_1_x_369nt	sample	KA3	projects/triticeae_F21FTSEUHT1241/samples/KA3/post_tarean/satminer/report/rich_table.tsv	KA3	Aegilops_kotschyi	NA	1	2	Putative satellites (low confidence)	369	0.05	5.030434782608696	4.2	0.95	11.749999999999996	CL00007	4	AY249986.1	Aegilops tauschii	Aegilops tauschii clone 4P6-9 tandem repeat sequence		95.772	0	P369	oligo	SMPL=KA3|ORG=Aegilops_kotschyi|GENOMES=None|ITER=1|RANK=2|ORIG=CL196_TR_1_x_369nt		SMPL=KA3|ORG=Aegilops_kotschyi|GENOMES=None|ITER=1|RANK=2|ORIG=CL196_TR_1_x_369nt		CL00007	dot	0.05
SMPL=KA3|ORG=Aegilops_kotschyi|GENOMES=None|ITER=1|RANK=2|ORIG=CL58_TR_1_x_504nt	sample	KA3	projects/triticeae_F21FTSEUHT1241/samples/KA3/post_tarean/satminer/report/rich_table.tsv	KA3	Aegilops_kotschyi	NA	1	2	Putative satellites (low confidence)	504	0.39	11.38871794871795	8.7	1.8800000000000003	26.90999999999999	CL00010	4	KC290912.1	Triticum aestivum	Triticum aestivum clone pTa-451 FISH-positive repetitive sequence		75.472	8.51e-93	2022_Kroupin_Aegilops_crassa_Boiss._repeatome_characterized_CL18	oligo	SMPL=KA3|ORG=Aegilops_kotschyi|GENOMES=None|ITER=1|RANK=2|ORIG=CL58_TR_1_x_504nt		SMPL=KA3|ORG=Aegilops_kotschyi|GENOMES=None|ITER=1|RANK=2|ORIG=CL58_TR_1_x_504nt		CL00010	dot	0.39
SMPL=KA3|ORG=Aegilops_kotschyi|GENOMES=None|ITER=1|RANK=2|ORIG=CL94_TR_1_x_74nt	sample	KA3	projects/triticeae_F21FTSEUHT1241/samples/KA3/post_tarean/satminer/report/rich_table.tsv	KA3	Aegilops_kotschyi	NA	1	2	Putative satellites (low confidence)	74	0.28	7.070422535211268	6.8	0.0700000000000009	14.45999999999999	CL00017	3	AH012974.2	Aegilops tauschii	Aegilops tauschii strain TA1649 transposon putative Ty3-gypsy-type retroelement, complete sequence; Lr21 gene, complete cds; transposon putative gypsy-type retroelement, complete sequence; putative GAG-POL precursor, gene, complete cds; and unknown genes		95.946	7.6e-28	2019_Kroupin_Development_of_new_cytogenetic_markers_for_Thinopyrum_ponticum_P332	oligo	SMPL=KA3|ORG=Aegilops_kotschyi|GENOMES=None|ITER=1|RANK=2|ORIG=CL94_TR_1_x_74nt		SMPL=KA3|ORG=Aegilops_kotschyi|GENOMES=None|ITER=1|RANK=2|ORIG=CL94_TR_1_x_74nt		CL00017	dot	0.28
SMPL=KA3|ORG=Aegilops_kotschyi|GENOMES=None|ITER=1|RANK=3|ORIG=CL25_TR_1_x_551nt	sample	KA3	projects/triticeae_F21FTSEUHT1241/samples/KA3/post_tarean/satminer/report/rich_table.tsv	KA3	Aegilops_kotschyi	NA	1	3	Putative satellites (low confidence)	551	0.53	10.80380228136882	9.3	2.7	21.09	CL00009	4	2022_Kroupin_Aegilops_crassa_Boiss._repeatome_characterized_CL8				96.947	0	2022_Kroupin_Aegilops_crassa_Boiss._repeatome_characterized_CL8	oligo	SMPL=KA3|ORG=Aegilops_kotschyi|GENOMES=None|ITER=1|RANK=3|ORIG=CL25_TR_1_x_551nt		SMPL=KA3|ORG=Aegilops_kotschyi|GENOMES=None|ITER=1|RANK=3|ORIG=CL25_TR_1_x_551nt		CL00009	dot	0.53
SMPL=KA3|ORG=Aegilops_kotschyi|GENOMES=None|ITER=1|RANK=4|ORIG=CL131_TR_1_x_411nt	sample	KA3	projects/triticeae_F21FTSEUHT1241/samples/KA3/post_tarean/satminer/report/rich_table.tsv	KA3	Aegilops_kotschyi	NA	1	4	Putative satellites (low confidence)	411	0.11	8.42280701754386	5.4	0	20.56	CL00011	4	1997_Galasso_Genomic_Organization_And.pdf_pTa794				100	2.11e-17	P448	oligo	SMPL=KA3|ORG=Aegilops_kotschyi|GENOMES=None|ITER=1|RANK=4|ORIG=CL131_TR_1_x_411nt		SMPL=KA3|ORG=Aegilops_kotschyi|GENOMES=None|ITER=1|RANK=4|ORIG=CL131_TR_1_x_411nt		CL00011	dot	0.11
SMPL=KA3|ORG=Aegilops_kotschyi|GENOMES=None|ITER=2|RANK=1|ORIG=CL1_TR_1_x_118nt	sample	KA3	projects/triticeae_F21FTSEUHT1241/samples/KA3/post_tarean/satminer/report/rich_table.tsv	KA3	Aegilops_kotschyi	NA	2	1	Putative satellites (high confidence)	118	0.8	10.04364089775561	9	3.1	18.8	CL00001	20	AJ517288.3	Hordeum bulbosum	Hordeum bulbosum satellite DNA, p147-3711		96.183	1.92e-56	P351_0	oligo	SMPL=KA3|ORG=Aegilops_kotschyi|GENOMES=None|ITER=2|RANK=1|ORIG=CL1_TR_1_x_118nt		SMPL=KA3|ORG=Aegilops_kotschyi|GENOMES=None|ITER=2|RANK=1|ORIG=CL1_TR_1_x_118nt		CL00001	dot	0.8
SMPL=KA3|ORG=Aegilops_kotschyi|GENOMES=None|ITER=2|RANK=1|ORIG=CL50_TR_1_x_510nt	sample	KA3	projects/triticeae_F21FTSEUHT1241/samples/KA3/post_tarean/satminer/report/rich_table.tsv	KA3	Aegilops_kotschyi	NA	2	1	Putative satellites (high confidence)	510	0.04	8.511111111111111	6.8	3.01	23.645	CL00022	2	OL685354.1	Pseudoroegneria libanotica	Elymus libanoticus clone StLIB98 satellite sequence		86.982	3.04e-161	2022_Kroupin_Aegilops_crassa_Boiss._repeatome_characterized_CL193	oligo	SMPL=KA3|ORG=Aegilops_kotschyi|GENOMES=None|ITER=2|RANK=1|ORIG=CL50_TR_1_x_510nt		SMPL=KA3|ORG=Aegilops_kotschyi|GENOMES=None|ITER=2|RANK=1|ORIG=CL50_TR_1_x_510nt		CL00022	dot	0.04
SMPL=KA3|ORG=Aegilops_kotschyi|GENOMES=None|ITER=2|RANK=2|ORIG=CL108_TR_1_x_323nt	sample	KA3	projects/triticeae_F21FTSEUHT1241/samples/KA3/post_tarean/satminer/report/rich_table.tsv	KA3	Aegilops_kotschyi	NA	2	2	Putative satellites (low confidence)	323	0.05	10.44	11.6	3.34	15.839999999999998	CL00003	7	AC4x_CL228_312nt				90.171	3.75e-73	AC4x_CL228_312nt	oligo	SMPL=KA3|ORG=Aegilops_kotschyi|GENOMES=None|ITER=2|RANK=2|ORIG=CL108_TR_1_x_323nt		SMPL=KA3|ORG=Aegilops_kotschyi|GENOMES=None|ITER=2|RANK=2|ORIG=CL108_TR_1_x_323nt		CL00003	dot	0.05
SMPL=KA3|ORG=Aegilops_kotschyi|GENOMES=None|ITER=2|RANK=2|ORIG=CL33_TR_1_x_90nt	sample	KA3	projects/triticeae_F21FTSEUHT1241/samples/KA3/post_tarean/satminer/report/rich_table.tsv	KA3	Aegilops_kotschyi	NA	2	2	Putative satellites (low confidence)	90	0.05	10.153846153846152	8.9	4.2	22.1	CL00005	5	HM536202.1	Hordeum vulgare	Hordeum vulgare clone pHv-365 repeat region		78.07	3.09e-19	Oligo-119	oligo	SMPL=KA3|ORG=Aegilops_kotschyi|GENOMES=None|ITER=2|RANK=2|ORIG=CL33_TR_1_x_90nt		SMPL=KA3|ORG=Aegilops_kotschyi|GENOMES=None|ITER=2|RANK=2|ORIG=CL33_TR_1_x_90nt		CL00005	dot	0.05
SMPL=KA3|ORG=Aegilops_kotschyi|GENOMES=None|ITER=3|RANK=1|ORIG=CL1_TR_1_x_118nt	sample	KA3	projects/triticeae_F21FTSEUHT1241/samples/KA3/post_tarean/satminer/report/rich_table.tsv	KA3	Aegilops_kotschyi	NA	3	1	Putative satellites (high confidence)	118	0.81	10.44579207920792	9.7	4.715000000000001	18	CL00001	20	AJ517288.3	Hordeum bulbosum	Hordeum bulbosum satellite DNA, p147-3711		96.183	1.92e-56	P351_0	oligo	SMPL=KA3|ORG=Aegilops_kotschyi|GENOMES=None|ITER=3|RANK=1|ORIG=CL1_TR_1_x_118nt		SMPL=KA3|ORG=Aegilops_kotschyi|GENOMES=None|ITER=3|RANK=1|ORIG=CL1_TR_1_x_118nt		CL00001	dot	0.81
SMPL=KA3|ORG=Aegilops_kotschyi|GENOMES=None|ITER=3|RANK=1|ORIG=CL95_TR_1_x_86nt	sample	KA3	projects/triticeae_F21FTSEUHT1241/samples/KA3/post_tarean/satminer/report/rich_table.tsv	KA3	Aegilops_kotschyi	NA	3	1	Putative satellites (high confidence)	86	0.04	6.872222222222223	6.9	1.955	11.189999999999998	CL00029	1	KC290900.1	Triticum aestivum	Triticum aestivum clone pTa-713 FISH-positive repetitive sequence		100	5.38e-40	2019_Badaeva_Molecular-cytogenetic_analysis_of_diploid_wheatgrass_pAesp_SAT86	oligo	SMPL=KA3|ORG=Aegilops_kotschyi|GENOMES=None|ITER=3|RANK=1|ORIG=CL95_TR_1_x_86nt		SMPL=KA3|ORG=Aegilops_kotschyi|GENOMES=None|ITER=3|RANK=1|ORIG=CL95_TR_1_x_86nt		CL00029	dot	0.04
SMPL=KA3|ORG=Aegilops_kotschyi|GENOMES=None|ITER=3|RANK=3|ORIG=CL9_TR_1_x_506nt	sample	KA3	projects/triticeae_F21FTSEUHT1241/samples/KA3/post_tarean/satminer/report/rich_table.tsv	KA3	Aegilops_kotschyi	NA	3	3	Putative satellites (low confidence)	506	0.03	10.905882352941177	6.2	3.26	31.24	CL00022	2	OL685354.1	Pseudoroegneria libanotica	Elymus libanoticus clone StLIB98 satellite sequence		86.982	3.04e-161	2022_Kroupin_Aegilops_crassa_Boiss._repeatome_characterized_CL193	oligo	SMPL=KA3|ORG=Aegilops_kotschyi|GENOMES=None|ITER=3|RANK=3|ORIG=CL9_TR_1_x_506nt		SMPL=KA3|ORG=Aegilops_kotschyi|GENOMES=None|ITER=3|RANK=3|ORIG=CL9_TR_1_x_506nt		CL00022	dot	0.03
SMPL=KA4|ORG=Aegilops_caudata_markgrafii|GENOMES=None|ITER=1|RANK=1|ORIG=CL146_TR_1_x_324nt	sample	KA4	projects/triticeae_F21FTSEUHT1241/samples/KA4/post_tarean/satminer/report/rich_table.tsv	KA4	Aegilops_caudata_markgrafii	NA	1	1	Putative satellites (high confidence)	324	0.03	7.10625	6.45	0	17.375	CL00003	7	AC4x_CL228_312nt				90.171	3.75e-73	AC4x_CL228_312nt	oligo	SMPL=KA4|ORG=Aegilops_caudata_markgrafii|GENOMES=None|ITER=1|RANK=1|ORIG=CL146_TR_1_x_324nt		SMPL=KA4|ORG=Aegilops_caudata_markgrafii|GENOMES=None|ITER=1|RANK=1|ORIG=CL146_TR_1_x_324nt		CL00003	dot	0.03
SMPL=KA4|ORG=Aegilops_caudata_markgrafii|GENOMES=None|ITER=1|RANK=1|ORIG=CL199_TR_1_x_118nt	sample	KA4	projects/triticeae_F21FTSEUHT1241/samples/KA4/post_tarean/satminer/report/rich_table.tsv	KA4	Aegilops_caudata_markgrafii	NA	1	1	Putative satellites (high confidence)	118	0.17	23.36744186046512	26.6	7.500000000000001	33.3	CL00001	20	AJ517288.3	Hordeum bulbosum	Hordeum bulbosum satellite DNA, p147-3711		96.183	1.92e-56	P351_0	oligo	SMPL=KA4|ORG=Aegilops_caudata_markgrafii|GENOMES=None|ITER=1|RANK=1|ORIG=CL199_TR_1_x_118nt		SMPL=KA4|ORG=Aegilops_caudata_markgrafii|GENOMES=None|ITER=1|RANK=1|ORIG=CL199_TR_1_x_118nt		CL00001	dot	0.17
SMPL=KA4|ORG=Aegilops_caudata_markgrafii|GENOMES=None|ITER=1|RANK=1|ORIG=CL35_TR_1_x_118nt	sample	KA4	projects/triticeae_F21FTSEUHT1241/samples/KA4/post_tarean/satminer/report/rich_table.tsv	KA4	Aegilops_caudata_markgrafii	NA	1	1	Putative satellites (high confidence)	118	0.21	7.576699029126213	5.9	0.9	22.87999999999996	CL00001	20	AJ517288.3	Hordeum bulbosum	Hordeum bulbosum satellite DNA, p147-3711		96.183	1.92e-56	P351_0	oligo	SMPL=KA4|ORG=Aegilops_caudata_markgrafii|GENOMES=None|ITER=1|RANK=1|ORIG=CL35_TR_1_x_118nt		SMPL=KA4|ORG=Aegilops_caudata_markgrafii|GENOMES=None|ITER=1|RANK=1|ORIG=CL35_TR_1_x_118nt		CL00001	dot	0.21
SMPL=KA4|ORG=Aegilops_caudata_markgrafii|GENOMES=None|ITER=1|RANK=1|ORIG=CL56_TR_1_x_553nt	sample	KA4	projects/triticeae_F21FTSEUHT1241/samples/KA4/post_tarean/satminer/report/rich_table.tsv	KA4	Aegilops_caudata_markgrafii	NA	1	1	Putative satellites (high confidence)	553	0.36	3.920670391061453	3.6	0	8.1	CL00012	4	MN161206.1	Triticum aestivum	Triticum aestivum clone CentT550 satellite sequence		79.577	1.97e-100	17-202	oligo	SMPL=KA4|ORG=Aegilops_caudata_markgrafii|GENOMES=None|ITER=1|RANK=1|ORIG=CL56_TR_1_x_553nt		SMPL=KA4|ORG=Aegilops_caudata_markgrafii|GENOMES=None|ITER=1|RANK=1|ORIG=CL56_TR_1_x_553nt		CL00012	dot	0.36
SMPL=KA4|ORG=Aegilops_caudata_markgrafii|GENOMES=None|ITER=1|RANK=2|ORIG=CL143_TR_1_x_44nt	sample	KA4	projects/triticeae_F21FTSEUHT1241/samples/KA4/post_tarean/satminer/report/rich_table.tsv	KA4	Aegilops_caudata_markgrafii	NA	1	2	Putative satellites (low confidence)	44	0.21	4.778095238095238	4.5	2.3	10.979999999999992	CL00030	1	2019_Kroupin_Development_of_new_cytogenetic_markers_for_Thinopyrum_ponticum_P132				95.455	1.22e-15	2019_Kroupin_Development_of_new_cytogenetic_markers_for_Thinopyrum_ponticum_P132	oligo	SMPL=KA4|ORG=Aegilops_caudata_markgrafii|GENOMES=None|ITER=1|RANK=2|ORIG=CL143_TR_1_x_44nt		SMPL=KA4|ORG=Aegilops_caudata_markgrafii|GENOMES=None|ITER=1|RANK=2|ORIG=CL143_TR_1_x_44nt		CL00030	dot	0.21
SMPL=KA4|ORG=Aegilops_caudata_markgrafii|GENOMES=None|ITER=1|RANK=2|ORIG=CL164_TR_1_x_319nt	sample	KA4	projects/triticeae_F21FTSEUHT1241/samples/KA4/post_tarean/satminer/report/rich_table.tsv	KA4	Aegilops_caudata_markgrafii	NA	1	2	Putative satellites (low confidence)	319	0.08	9.857142857142858	7.05	0.0350000000000001	29.665	CL00015	3	AF139201.1	Triticum aestivum	Triticum aestivum clone p451 genomic repeat region		93.789	1.29e-136	AC4x_CL209_316nt	oligo	SMPL=KA4|ORG=Aegilops_caudata_markgrafii|GENOMES=None|ITER=1|RANK=2|ORIG=CL164_TR_1_x_319nt		SMPL=KA4|ORG=Aegilops_caudata_markgrafii|GENOMES=None|ITER=1|RANK=2|ORIG=CL164_TR_1_x_319nt		CL00015	dot	0.08
SMPL=KA4|ORG=Aegilops_caudata_markgrafii|GENOMES=None|ITER=1|RANK=2|ORIG=CL186_TR_1_x_71nt	sample	KA4	projects/triticeae_F21FTSEUHT1241/samples/KA4/post_tarean/satminer/report/rich_table.tsv	KA4	Aegilops_caudata_markgrafii	NA	1	2	Putative satellites (low confidence)	71	0.08	6.521052631578947	5.449999999999999	0	16.36	CL00031	1	P71				97.872	1.44e-19	P71	oligo	SMPL=KA4|ORG=Aegilops_caudata_markgrafii|GENOMES=None|ITER=1|RANK=2|ORIG=CL186_TR_1_x_71nt		SMPL=KA4|ORG=Aegilops_caudata_markgrafii|GENOMES=None|ITER=1|RANK=2|ORIG=CL186_TR_1_x_71nt		CL00031	dot	0.08
SMPL=KA4|ORG=Aegilops_caudata_markgrafii|GENOMES=None|ITER=1|RANK=2|ORIG=CL63_TR_1_x_121nt	sample	KA4	projects/triticeae_F21FTSEUHT1241/samples/KA4/post_tarean/satminer/report/rich_table.tsv	KA4	Aegilops_caudata_markgrafii	NA	1	2	Putative satellites (low confidence)	121	0.41	4.616256157635468	4.4	0	11.1	CL00016	3	MN587591.1	Pseudoroegneria stipifolia	Pseudoroegneria stipifolia isolate L15 microsatellite sequence		80.328	6.63e-16	P121_0	oligo	SMPL=KA4|ORG=Aegilops_caudata_markgrafii|GENOMES=None|ITER=1|RANK=2|ORIG=CL63_TR_1_x_121nt		SMPL=KA4|ORG=Aegilops_caudata_markgrafii|GENOMES=None|ITER=1|RANK=2|ORIG=CL63_TR_1_x_121nt		CL00016	dot	0.41
SMPL=KA4|ORG=Aegilops_caudata_markgrafii|GENOMES=None|ITER=1|RANK=2|ORIG=CL68_TR_1_x_582nt	sample	KA4	projects/triticeae_F21FTSEUHT1241/samples/KA4/post_tarean/satminer/report/rich_table.tsv	KA4	Aegilops_caudata_markgrafii	NA	1	2	Putative satellites (low confidence)	582	0.28	11.422857142857143	9.1	2.7	24.82999999999999	CL00009	4	2022_Kroupin_Aegilops_crassa_Boiss._repeatome_characterized_CL8				96.947	0	2022_Kroupin_Aegilops_crassa_Boiss._repeatome_characterized_CL8	oligo	SMPL=KA4|ORG=Aegilops_caudata_markgrafii|GENOMES=None|ITER=1|RANK=2|ORIG=CL68_TR_1_x_582nt		SMPL=KA4|ORG=Aegilops_caudata_markgrafii|GENOMES=None|ITER=1|RANK=2|ORIG=CL68_TR_1_x_582nt		CL00009	dot	0.28
SMPL=KA4|ORG=Aegilops_caudata_markgrafii|GENOMES=None|ITER=1|RANK=2|ORIG=CL91_TR_1_x_74nt	sample	KA4	projects/triticeae_F21FTSEUHT1241/samples/KA4/post_tarean/satminer/report/rich_table.tsv	KA4	Aegilops_caudata_markgrafii	NA	1	2	Putative satellites (low confidence)	74	0.34	6.935672514619883	6.8	0	14.2	CL00017	3	AH012974.2	Aegilops tauschii	Aegilops tauschii strain TA1649 transposon putative Ty3-gypsy-type retroelement, complete sequence; Lr21 gene, complete cds; transposon putative gypsy-type retroelement, complete sequence; putative GAG-POL precursor, gene, complete cds; and unknown genes		95.946	7.6e-28	2019_Kroupin_Development_of_new_cytogenetic_markers_for_Thinopyrum_ponticum_P332	oligo	SMPL=KA4|ORG=Aegilops_caudata_markgrafii|GENOMES=None|ITER=1|RANK=2|ORIG=CL91_TR_1_x_74nt		SMPL=KA4|ORG=Aegilops_caudata_markgrafii|GENOMES=None|ITER=1|RANK=2|ORIG=CL91_TR_1_x_74nt		CL00017	dot	0.34
SMPL=KA4|ORG=Aegilops_caudata_markgrafii|GENOMES=None|ITER=2|RANK=1|ORIG=CL109_TR_1_x_118nt	sample	KA4	projects/triticeae_F21FTSEUHT1241/samples/KA4/post_tarean/satminer/report/rich_table.tsv	KA4	Aegilops_caudata_markgrafii	NA	2	1	Putative satellites (high confidence)	118	0.04	8.071428571428571	7.8	3.9	11.2	CL00001	20	AJ517288.3	Hordeum bulbosum	Hordeum bulbosum satellite DNA, p147-3711		96.183	1.92e-56	P351_0	oligo	SMPL=KA4|ORG=Aegilops_caudata_markgrafii|GENOMES=None|ITER=2|RANK=1|ORIG=CL109_TR_1_x_118nt		SMPL=KA4|ORG=Aegilops_caudata_markgrafii|GENOMES=None|ITER=2|RANK=1|ORIG=CL109_TR_1_x_118nt		CL00001	dot	0.04
SMPL=KA4|ORG=Aegilops_caudata_markgrafii|GENOMES=None|ITER=2|RANK=1|ORIG=CL183_TR_1_x_163nt	sample	KA4	projects/triticeae_F21FTSEUHT1241/samples/KA4/post_tarean/satminer/report/rich_table.tsv	KA4	Aegilops_caudata_markgrafii	NA	2	1	Putative satellites (high confidence)	163	0.04	1.161904761904762	0	0	3.6	CL00032	1	XM_037555533.1	Triticum dicoccoides	PREDICTED: Triticum dicoccoides tetratricopeptide repeat protein SKI3-like (LOC119274810), transcript variant X1, mRNA		90	4.8	2010_Wu_Cloning_And_Characterization_pAx11	weak	SMPL=KA4|ORG=Aegilops_caudata_markgrafii|GENOMES=None|ITER=2|RANK=1|ORIG=CL183_TR_1_x_163nt		SMPL=KA4|ORG=Aegilops_caudata_markgrafii|GENOMES=None|ITER=2|RANK=1|ORIG=CL183_TR_1_x_163nt		CL00032	dot	0.04
SMPL=KA4|ORG=Aegilops_caudata_markgrafii|GENOMES=None|ITER=2|RANK=1|ORIG=CL1_TR_1_x_118nt	sample	KA4	projects/triticeae_F21FTSEUHT1241/samples/KA4/post_tarean/satminer/report/rich_table.tsv	KA4	Aegilops_caudata_markgrafii	NA	2	1	Putative satellites (high confidence)	118	0.42	6.71042654028436	6	2	14.85	CL00001	20	AJ517288.3	Hordeum bulbosum	Hordeum bulbosum satellite DNA, p147-3711		96.183	1.92e-56	P351_0	oligo	SMPL=KA4|ORG=Aegilops_caudata_markgrafii|GENOMES=None|ITER=2|RANK=1|ORIG=CL1_TR_1_x_118nt		SMPL=KA4|ORG=Aegilops_caudata_markgrafii|GENOMES=None|ITER=2|RANK=1|ORIG=CL1_TR_1_x_118nt		CL00001	dot	0.42
SMPL=KA4|ORG=Aegilops_caudata_markgrafii|GENOMES=None|ITER=2|RANK=1|ORIG=CL54_TR_1_x_323nt	sample	KA4	projects/triticeae_F21FTSEUHT1241/samples/KA4/post_tarean/satminer/report/rich_table.tsv	KA4	Aegilops_caudata_markgrafii	NA	2	1	Putative satellites (high confidence)	323	0.03	8.069230769230769	7.1	2.84	17.559999999999995	CL00003	7	AC4x_CL228_312nt				90.171	3.75e-73	AC4x_CL228_312nt	oligo	SMPL=KA4|ORG=Aegilops_caudata_markgrafii|GENOMES=None|ITER=2|RANK=1|ORIG=CL54_TR_1_x_323nt		SMPL=KA4|ORG=Aegilops_caudata_markgrafii|GENOMES=None|ITER=2|RANK=1|ORIG=CL54_TR_1_x_323nt		CL00003	dot	0.03
SMPL=KA4|ORG=Aegilops_caudata_markgrafii|GENOMES=None|ITER=2|RANK=2|ORIG=CL208_TR_1_x_337nt	sample	KA4	projects/triticeae_F21FTSEUHT1241/samples/KA4/post_tarean/satminer/report/rich_table.tsv	KA4	Aegilops_caudata_markgrafii	NA	2	2	Putative satellites (low confidence)	337	0.05	9.653846153846152	8.7	3.9	18.4	CL00002	7	KC290893.1	Triticum aestivum	Triticum aestivum clone pTa-173 FISH-positive repetitive sequence		94.985	4.83e-151	AC4x_CL3_339nt	oligo	SMPL=KA4|ORG=Aegilops_caudata_markgrafii|GENOMES=None|ITER=2|RANK=2|ORIG=CL208_TR_1_x_337nt		SMPL=KA4|ORG=Aegilops_caudata_markgrafii|GENOMES=None|ITER=2|RANK=2|ORIG=CL208_TR_1_x_337nt		CL00002	dot	0.05
SMPL=KA4|ORG=Aegilops_caudata_markgrafii|GENOMES=None|ITER=2|RANK=4|ORIG=CL65_TR_1_x_488nt	sample	KA4	projects/triticeae_F21FTSEUHT1241/samples/KA4/post_tarean/satminer/report/rich_table.tsv	KA4	Aegilops_caudata_markgrafii	NA	2	4	Putative satellites (low confidence)	488	0.05	8.707407407407407	7.1	0.7	21.9	CL00011	4	1997_Galasso_Genomic_Organization_And.pdf_pTa794				100	2.11e-17	P448	oligo	SMPL=KA4|ORG=Aegilops_caudata_markgrafii|GENOMES=None|ITER=2|RANK=4|ORIG=CL65_TR_1_x_488nt		SMPL=KA4|ORG=Aegilops_caudata_markgrafii|GENOMES=None|ITER=2|RANK=4|ORIG=CL65_TR_1_x_488nt		CL00011	dot	0.05
SMPL=KA4|ORG=Aegilops_caudata_markgrafii|GENOMES=None|ITER=3|RANK=1|ORIG=CL1_TR_1_x_118nt	sample	KA4	projects/triticeae_F21FTSEUHT1241/samples/KA4/post_tarean/satminer/report/rich_table.tsv	KA4	Aegilops_caudata_markgrafii	NA	3	1	Putative satellites (high confidence)	118	0.39	8.294300518134715	6.1	1.5800000000000003	25.19999999999999	CL00001	20	AJ517288.3	Hordeum bulbosum	Hordeum bulbosum satellite DNA, p147-3711		96.183	1.92e-56	P351_0	oligo	SMPL=KA4|ORG=Aegilops_caudata_markgrafii|GENOMES=None|ITER=3|RANK=1|ORIG=CL1_TR_1_x_118nt		SMPL=KA4|ORG=Aegilops_caudata_markgrafii|GENOMES=None|ITER=3|RANK=1|ORIG=CL1_TR_1_x_118nt		CL00001	dot	0.39
SMPL=KA4|ORG=Aegilops_caudata_markgrafii|GENOMES=None|ITER=3|RANK=1|ORIG=CL3_TR_1_x_323nt	sample	KA4	projects/triticeae_F21FTSEUHT1241/samples/KA4/post_tarean/satminer/report/rich_table.tsv	KA4	Aegilops_caudata_markgrafii	NA	3	1	Putative satellites (high confidence)	323	0.03	8.168750000000001	6.85	3.5250000000000004	16.25	CL00003	7	AC4x_CL228_312nt				90.171	3.75e-73	AC4x_CL228_312nt	oligo	SMPL=KA4|ORG=Aegilops_caudata_markgrafii|GENOMES=None|ITER=3|RANK=1|ORIG=CL3_TR_1_x_323nt		SMPL=KA4|ORG=Aegilops_caudata_markgrafii|GENOMES=None|ITER=3|RANK=1|ORIG=CL3_TR_1_x_323nt		CL00003	dot	0.03
SMPL=KA4|ORG=Aegilops_caudata_markgrafii|GENOMES=None|ITER=3|RANK=1|ORIG=CL7_TR_1_x_118nt	sample	KA4	projects/triticeae_F21FTSEUHT1241/samples/KA4/post_tarean/satminer/report/rich_table.tsv	KA4	Aegilops_caudata_markgrafii	NA	3	1	Putative satellites (high confidence)	118	0.01	7.5	8.5	4.359999999999999	9.94	CL00001	20	AJ517288.3	Hordeum bulbosum	Hordeum bulbosum satellite DNA, p147-3711		96.183	1.92e-56	P351_0	oligo	SMPL=KA4|ORG=Aegilops_caudata_markgrafii|GENOMES=None|ITER=3|RANK=1|ORIG=CL7_TR_1_x_118nt		SMPL=KA4|ORG=Aegilops_caudata_markgrafii|GENOMES=None|ITER=3|RANK=1|ORIG=CL7_TR_1_x_118nt		CL00001	dot	0.01
SMPL=KA5|ORG=Aegilops_caudata_markgrafii|GENOMES=None|ITER=1|RANK=1|ORIG=CL164_TR_1_x_320nt	sample	KA5	projects/triticeae_F21FTSEUHT1241/samples/KA5/post_tarean/satminer/report/rich_table.tsv	KA5	Aegilops_caudata_markgrafii	NA	1	1	Putative satellites (high confidence)	320	0.05	4.0125	3.25	0	12.284999999999997	CL00015	3	AF139201.1	Triticum aestivum	Triticum aestivum clone p451 genomic repeat region		93.789	1.29e-136	AC4x_CL209_316nt	oligo	SMPL=KA5|ORG=Aegilops_caudata_markgrafii|GENOMES=None|ITER=1|RANK=1|ORIG=CL164_TR_1_x_320nt		SMPL=KA5|ORG=Aegilops_caudata_markgrafii|GENOMES=None|ITER=1|RANK=1|ORIG=CL164_TR_1_x_320nt		CL00015	dot	0.05
SMPL=KA5|ORG=Aegilops_caudata_markgrafii|GENOMES=None|ITER=1|RANK=1|ORIG=CL179_TR_1_x_312nt	sample	KA5	projects/triticeae_F21FTSEUHT1241/samples/KA5/post_tarean/satminer/report/rich_table.tsv	KA5	Aegilops_caudata_markgrafii	NA	1	1	Putative satellites (high confidence)	312	0.01	5.8500000000000005	5.15	0.7249999999999999	11.825	CL00003	7	AC4x_CL228_312nt				90.171	3.75e-73	AC4x_CL228_312nt	oligo	SMPL=KA5|ORG=Aegilops_caudata_markgrafii|GENOMES=None|ITER=1|RANK=1|ORIG=CL179_TR_1_x_312nt		SMPL=KA5|ORG=Aegilops_caudata_markgrafii|GENOMES=None|ITER=1|RANK=1|ORIG=CL179_TR_1_x_312nt		CL00003	dot	0.01
SMPL=KA5|ORG=Aegilops_caudata_markgrafii|GENOMES=None|ITER=1|RANK=1|ORIG=CL45_TR_1_x_118nt	sample	KA5	projects/triticeae_F21FTSEUHT1241/samples/KA5/post_tarean/satminer/report/rich_table.tsv	KA5	Aegilops_caudata_markgrafii	NA	1	1	Putative satellites (high confidence)	118	0.2	3.2979591836734694	2.5	0	10.999999999999982	CL00001	20	AJ517288.3	Hordeum bulbosum	Hordeum bulbosum satellite DNA, p147-3711		96.183	1.92e-56	P351_0	oligo	SMPL=KA5|ORG=Aegilops_caudata_markgrafii|GENOMES=None|ITER=1|RANK=1|ORIG=CL45_TR_1_x_118nt		SMPL=KA5|ORG=Aegilops_caudata_markgrafii|GENOMES=None|ITER=1|RANK=1|ORIG=CL45_TR_1_x_118nt		CL00001	dot	0.2
SMPL=KA5|ORG=Aegilops_caudata_markgrafii|GENOMES=None|ITER=1|RANK=1|ORIG=CL54_TR_1_x_553nt	sample	KA5	projects/triticeae_F21FTSEUHT1241/samples/KA5/post_tarean/satminer/report/rich_table.tsv	KA5	Aegilops_caudata_markgrafii	NA	1	1	Putative satellites (high confidence)	553	0.02	3.2555555555555555	3.3	1.3	5.06	CL00012	4	MN161206.1	Triticum aestivum	Triticum aestivum clone CentT550 satellite sequence		79.577	1.97e-100	17-202	oligo	SMPL=KA5|ORG=Aegilops_caudata_markgrafii|GENOMES=None|ITER=1|RANK=1|ORIG=CL54_TR_1_x_553nt		SMPL=KA5|ORG=Aegilops_caudata_markgrafii|GENOMES=None|ITER=1|RANK=1|ORIG=CL54_TR_1_x_553nt		CL00012	dot	0.02
SMPL=KA5|ORG=Aegilops_caudata_markgrafii|GENOMES=None|ITER=1|RANK=1|ORIG=CL81_TR_1_x_74nt	sample	KA5	projects/triticeae_F21FTSEUHT1241/samples/KA5/post_tarean/satminer/report/rich_table.tsv	KA5	Aegilops_caudata_markgrafii	NA	1	1	Putative satellites (high confidence)	74	0.33	6.3527272727272734	6.3	0.2800000000000014	12.619999999999994	CL00017	3	AH012974.2	Aegilops tauschii	Aegilops tauschii strain TA1649 transposon putative Ty3-gypsy-type retroelement, complete sequence; Lr21 gene, complete cds; transposon putative gypsy-type retroelement, complete sequence; putative GAG-POL precursor, gene, complete cds; and unknown genes		95.946	7.6e-28	2019_Kroupin_Development_of_new_cytogenetic_markers_for_Thinopyrum_ponticum_P332	oligo	SMPL=KA5|ORG=Aegilops_caudata_markgrafii|GENOMES=None|ITER=1|RANK=1|ORIG=CL81_TR_1_x_74nt		SMPL=KA5|ORG=Aegilops_caudata_markgrafii|GENOMES=None|ITER=1|RANK=1|ORIG=CL81_TR_1_x_74nt		CL00017	dot	0.33
SMPL=KA5|ORG=Aegilops_caudata_markgrafii|GENOMES=None|ITER=1|RANK=2|ORIG=CL118_TR_1_x_663nt	sample	KA5	projects/triticeae_F21FTSEUHT1241/samples/KA5/post_tarean/satminer/report/rich_table.tsv	KA5	Aegilops_caudata_markgrafii	NA	1	2	Putative satellites (low confidence)	663	0.11	6.011320754716982	5.4	0.92	15.059999999999988	CL00006	5	MG323513.1	Agropyron cristatum	Agropyron cristatum clone ACRI_TR_CL80 satellite sequence		89.608	0	17-172	oligo	SMPL=KA5|ORG=Aegilops_caudata_markgrafii|GENOMES=None|ITER=1|RANK=2|ORIG=CL118_TR_1_x_663nt		SMPL=KA5|ORG=Aegilops_caudata_markgrafii|GENOMES=None|ITER=1|RANK=2|ORIG=CL118_TR_1_x_663nt		CL00006	dot	0.11
SMPL=KA5|ORG=Aegilops_caudata_markgrafii|GENOMES=None|ITER=1|RANK=2|ORIG=CL85_TR_1_x_504nt	sample	KA5	projects/triticeae_F21FTSEUHT1241/samples/KA5/post_tarean/satminer/report/rich_table.tsv	KA5	Aegilops_caudata_markgrafii	NA	1	2	Putative satellites (low confidence)	504	0.25	14.05609756097561	13	3.2300000000000004	27.37	CL00010	4	KC290912.1	Triticum aestivum	Triticum aestivum clone pTa-451 FISH-positive repetitive sequence		75.472	8.51e-93	2022_Kroupin_Aegilops_crassa_Boiss._repeatome_characterized_CL18	oligo	SMPL=KA5|ORG=Aegilops_caudata_markgrafii|GENOMES=None|ITER=1|RANK=2|ORIG=CL85_TR_1_x_504nt		SMPL=KA5|ORG=Aegilops_caudata_markgrafii|GENOMES=None|ITER=1|RANK=2|ORIG=CL85_TR_1_x_504nt		CL00010	dot	0.25
SMPL=KA5|ORG=Aegilops_caudata_markgrafii|GENOMES=None|ITER=1|RANK=2|ORIG=CL96_TR_1_x_121nt	sample	KA5	projects/triticeae_F21FTSEUHT1241/samples/KA5/post_tarean/satminer/report/rich_table.tsv	KA5	Aegilops_caudata_markgrafii	NA	1	2	Putative satellites (low confidence)	121	0.21	4.284112149532711	3.6	0	13.50999999999994	CL00016	3	MN587591.1	Pseudoroegneria stipifolia	Pseudoroegneria stipifolia isolate L15 microsatellite sequence		80.328	6.63e-16	P121_0	oligo	SMPL=KA5|ORG=Aegilops_caudata_markgrafii|GENOMES=None|ITER=1|RANK=2|ORIG=CL96_TR_1_x_121nt		SMPL=KA5|ORG=Aegilops_caudata_markgrafii|GENOMES=None|ITER=1|RANK=2|ORIG=CL96_TR_1_x_121nt		CL00016	dot	0.21
SMPL=KA5|ORG=Aegilops_caudata_markgrafii|GENOMES=None|ITER=2|RANK=1|ORIG=CL1_TR_1_x_118nt	sample	KA5	projects/triticeae_F21FTSEUHT1241/samples/KA5/post_tarean/satminer/report/rich_table.tsv	KA5	Aegilops_caudata_markgrafii	NA	2	1	Putative satellites (high confidence)	118	NA	NA	NA	NA	NA	CL00001	20	AJ517288.3	Hordeum bulbosum	Hordeum bulbosum satellite DNA, p147-3711		96.183	1.92e-56	P351_0	oligo	SMPL=KA5|ORG=Aegilops_caudata_markgrafii|GENOMES=None|ITER=2|RANK=1|ORIG=CL1_TR_1_x_118nt		SMPL=KA5|ORG=Aegilops_caudata_markgrafii|GENOMES=None|ITER=2|RANK=1|ORIG=CL1_TR_1_x_118nt		CL00001	dot	1
SMPL=KA5|ORG=Aegilops_caudata_markgrafii|GENOMES=None|ITER=2|RANK=1|ORIG=CL2_TR_1_x_553nt	sample	KA5	projects/triticeae_F21FTSEUHT1241/samples/KA5/post_tarean/satminer/report/rich_table.tsv	KA5	Aegilops_caudata_markgrafii	NA	2	1	Putative satellites (high confidence)	553	0.16	3.630864197530864	3.8	0	6.7	CL00012	4	MN161206.1	Triticum aestivum	Triticum aestivum clone CentT550 satellite sequence		79.577	1.97e-100	17-202	oligo	SMPL=KA5|ORG=Aegilops_caudata_markgrafii|GENOMES=None|ITER=2|RANK=1|ORIG=CL2_TR_1_x_553nt		SMPL=KA5|ORG=Aegilops_caudata_markgrafii|GENOMES=None|ITER=2|RANK=1|ORIG=CL2_TR_1_x_553nt		CL00012	dot	0.16
SMPL=KA5|ORG=Aegilops_caudata_markgrafii|GENOMES=None|ITER=2|RANK=1|ORIG=CL3_TR_1_x_74nt	sample	KA5	projects/triticeae_F21FTSEUHT1241/samples/KA5/post_tarean/satminer/report/rich_table.tsv	KA5	Aegilops_caudata_markgrafii	NA	2	1	Putative satellites (high confidence)	74	NA	NA	NA	NA	NA	CL00008	4	AH012974.2	Aegilops tauschii	Aegilops tauschii strain TA1649 transposon putative Ty3-gypsy-type retroelement, complete sequence; Lr21 gene, complete cds; transposon putative gypsy-type retroelement, complete sequence; putative GAG-POL precursor, gene, complete cds; and unknown genes		90.435	1.66e-79	2019_Wang_Diversified_Chromosome_Rearrangements_oligo-k566_by_Tang_et_al._(2014)	oligo	SMPL=KA5|ORG=Aegilops_caudata_markgrafii|GENOMES=None|ITER=2|RANK=1|ORIG=CL3_TR_1_x_74nt		SMPL=KA5|ORG=Aegilops_caudata_markgrafii|GENOMES=None|ITER=2|RANK=1|ORIG=CL3_TR_1_x_74nt		CL00008	dot	1
SMPL=KA5|ORG=Aegilops_caudata_markgrafii|GENOMES=None|ITER=2|RANK=1|ORIG=CL50_TR_1_x_44nt	sample	KA5	projects/triticeae_F21FTSEUHT1241/samples/KA5/post_tarean/satminer/report/rich_table.tsv	KA5	Aegilops_caudata_markgrafii	NA	2	1	Putative satellites (high confidence)	44	0.09	5.765909090909091	6.8	0	11.825	CL00033	1	2022_Kroupin_Aegilops_crassa_Boiss._repeatome_characterized_CL241				100	2.05e-20	2022_Kroupin_Aegilops_crassa_Boiss._repeatome_characterized_CL241	oligo	SMPL=KA5|ORG=Aegilops_caudata_markgrafii|GENOMES=None|ITER=2|RANK=1|ORIG=CL50_TR_1_x_44nt		SMPL=KA5|ORG=Aegilops_caudata_markgrafii|GENOMES=None|ITER=2|RANK=1|ORIG=CL50_TR_1_x_44nt		CL00033	dot	0.09
SMPL=KA5|ORG=Aegilops_caudata_markgrafii|GENOMES=None|ITER=2|RANK=1|ORIG=CL54_TR_1_x_324nt	sample	KA5	projects/triticeae_F21FTSEUHT1241/samples/KA5/post_tarean/satminer/report/rich_table.tsv	KA5	Aegilops_caudata_markgrafii	NA	2	1	Putative satellites (high confidence)	324	0.01	1.842857142857143	1.6	0.39	3.119999999999999	CL00003	7	AC4x_CL228_312nt				90.171	3.75e-73	AC4x_CL228_312nt	oligo	SMPL=KA5|ORG=Aegilops_caudata_markgrafii|GENOMES=None|ITER=2|RANK=1|ORIG=CL54_TR_1_x_324nt		SMPL=KA5|ORG=Aegilops_caudata_markgrafii|GENOMES=None|ITER=2|RANK=1|ORIG=CL54_TR_1_x_324nt		CL00003	dot	0.01
SMPL=KA5|ORG=Aegilops_caudata_markgrafii|GENOMES=None|ITER=2|RANK=2|ORIG=CL110_TR_1_x_341nt	sample	KA5	projects/triticeae_F21FTSEUHT1241/samples/KA5/post_tarean/satminer/report/rich_table.tsv	KA5	Aegilops_caudata_markgrafii	NA	2	2	Putative satellites (low confidence)	341	0.06	8.951724137931036	7.6	4.02	19.079999999999995	CL00002	7	KC290893.1	Triticum aestivum	Triticum aestivum clone pTa-173 FISH-positive repetitive sequence		94.985	4.83e-151	AC4x_CL3_339nt	oligo	SMPL=KA5|ORG=Aegilops_caudata_markgrafii|GENOMES=None|ITER=2|RANK=2|ORIG=CL110_TR_1_x_341nt		SMPL=KA5|ORG=Aegilops_caudata_markgrafii|GENOMES=None|ITER=2|RANK=2|ORIG=CL110_TR_1_x_341nt		CL00002	dot	0.06
SMPL=KA5|ORG=Aegilops_caudata_markgrafii|GENOMES=None|ITER=2|RANK=2|ORIG=CL12_TR_1_x_319nt	sample	KA5	projects/triticeae_F21FTSEUHT1241/samples/KA5/post_tarean/satminer/report/rich_table.tsv	KA5	Aegilops_caudata_markgrafii	NA	2	2	Putative satellites (low confidence)	319	0.04	10.916666666666666	4.800000000000001	2.235	32.485	CL00015	3	AF139201.1	Triticum aestivum	Triticum aestivum clone p451 genomic repeat region		93.789	1.29e-136	AC4x_CL209_316nt	oligo	SMPL=KA5|ORG=Aegilops_caudata_markgrafii|GENOMES=None|ITER=2|RANK=2|ORIG=CL12_TR_1_x_319nt		SMPL=KA5|ORG=Aegilops_caudata_markgrafii|GENOMES=None|ITER=2|RANK=2|ORIG=CL12_TR_1_x_319nt		CL00015	dot	0.04
SMPL=KA5|ORG=Aegilops_caudata_markgrafii|GENOMES=None|ITER=3|RANK=1|ORIG=CL18_TR_1_x_44nt	sample	KA5	projects/triticeae_F21FTSEUHT1241/samples/KA5/post_tarean/satminer/report/rich_table.tsv	KA5	Aegilops_caudata_markgrafii	NA	3	1	Putative satellites (high confidence)	44	0.09	5.755813953488372	6.8	0	13.459999999999996	CL00020	2	2022_Kroupin_Aegilops_crassa_Boiss._repeatome_characterized_CL241				100	9.41e-23	2022_Kroupin_Aegilops_crassa_Boiss._repeatome_characterized_CL241	oligo	SMPL=KA5|ORG=Aegilops_caudata_markgrafii|GENOMES=None|ITER=3|RANK=1|ORIG=CL18_TR_1_x_44nt		SMPL=KA5|ORG=Aegilops_caudata_markgrafii|GENOMES=None|ITER=3|RANK=1|ORIG=CL18_TR_1_x_44nt		CL00020	dot	0.09
SMPL=KA5|ORG=Aegilops_caudata_markgrafii|GENOMES=None|ITER=3|RANK=1|ORIG=CL1_TR_1_x_118nt	sample	KA5	projects/triticeae_F21FTSEUHT1241/samples/KA5/post_tarean/satminer/report/rich_table.tsv	KA5	Aegilops_caudata_markgrafii	NA	3	1	Putative satellites (high confidence)	118	0.56	7.1	5.9	1.0450000000000013	19.31	CL00001	20	AJ517288.3	Hordeum bulbosum	Hordeum bulbosum satellite DNA, p147-3711		96.183	1.92e-56	P351_0	oligo	SMPL=KA5|ORG=Aegilops_caudata_markgrafii|GENOMES=None|ITER=3|RANK=1|ORIG=CL1_TR_1_x_118nt		SMPL=KA5|ORG=Aegilops_caudata_markgrafii|GENOMES=None|ITER=3|RANK=1|ORIG=CL1_TR_1_x_118nt		CL00001	dot	0.56
SMPL=KA5|ORG=Aegilops_caudata_markgrafii|GENOMES=None|ITER=3|RANK=1|ORIG=CL2_TR_1_x_553nt	sample	KA5	projects/triticeae_F21FTSEUHT1241/samples/KA5/post_tarean/satminer/report/rich_table.tsv	KA5	Aegilops_caudata_markgrafii	NA	3	1	Putative satellites (high confidence)	553	0.17	3.3344827586206898	2.8	0.7	7.790000000000002	CL00012	4	MN161206.1	Triticum aestivum	Triticum aestivum clone CentT550 satellite sequence		79.577	1.97e-100	17-202	oligo	SMPL=KA5|ORG=Aegilops_caudata_markgrafii|GENOMES=None|ITER=3|RANK=1|ORIG=CL2_TR_1_x_553nt		SMPL=KA5|ORG=Aegilops_caudata_markgrafii|GENOMES=None|ITER=3|RANK=1|ORIG=CL2_TR_1_x_553nt		CL00012	dot	0.17
SMPL=KA5|ORG=Aegilops_caudata_markgrafii|GENOMES=None|ITER=3|RANK=1|ORIG=CL6_TR_1_x_323nt	sample	KA5	projects/triticeae_F21FTSEUHT1241/samples/KA5/post_tarean/satminer/report/rich_table.tsv	KA5	Aegilops_caudata_markgrafii	NA	3	1	Putative satellites (high confidence)	323	0.03	7.35	6.25	0.7	15.5	CL00003	7	AC4x_CL228_312nt				90.171	3.75e-73	AC4x_CL228_312nt	oligo	SMPL=KA5|ORG=Aegilops_caudata_markgrafii|GENOMES=None|ITER=3|RANK=1|ORIG=CL6_TR_1_x_323nt		SMPL=KA5|ORG=Aegilops_caudata_markgrafii|GENOMES=None|ITER=3|RANK=1|ORIG=CL6_TR_1_x_323nt		CL00003	dot	0.03
SMPL=KA5|ORG=Aegilops_caudata_markgrafii|GENOMES=None|ITER=3|RANK=2|ORIG=CL3_TR_1_x_74nt	sample	KA5	projects/triticeae_F21FTSEUHT1241/samples/KA5/post_tarean/satminer/report/rich_table.tsv	KA5	Aegilops_caudata_markgrafii	NA	3	2	Putative satellites (low confidence)	74	0.32	5.995031055900621	5.8	0	11.4	CL00008	4	AH012974.2	Aegilops tauschii	Aegilops tauschii strain TA1649 transposon putative Ty3-gypsy-type retroelement, complete sequence; Lr21 gene, complete cds; transposon putative gypsy-type retroelement, complete sequence; putative GAG-POL precursor, gene, complete cds; and unknown genes		90.435	1.66e-79	2019_Wang_Diversified_Chromosome_Rearrangements_oligo-k566_by_Tang_et_al._(2014)	oligo	SMPL=KA5|ORG=Aegilops_caudata_markgrafii|GENOMES=None|ITER=3|RANK=2|ORIG=CL3_TR_1_x_74nt		SMPL=KA5|ORG=Aegilops_caudata_markgrafii|GENOMES=None|ITER=3|RANK=2|ORIG=CL3_TR_1_x_74nt		CL00008	dot	0.32
SMPL=KA5|ORG=Aegilops_caudata_markgrafii|GENOMES=None|ITER=3|RANK=2|ORIG=CL9_TR_1_x_247nt	sample	KA5	projects/triticeae_F21FTSEUHT1241/samples/KA5/post_tarean/satminer/report/rich_table.tsv	KA5	Aegilops_caudata_markgrafii	NA	3	2	Putative satellites (low confidence)	247	0.05	8.36923076923077	7.9	1.5	19.375	CL00014	3	MK256656.1	Aegilops tauschii	Aegilops tauschii microsatellite P431 sequence		86.561	7.31e-73	P431	oligo	SMPL=KA5|ORG=Aegilops_caudata_markgrafii|GENOMES=None|ITER=3|RANK=2|ORIG=CL9_TR_1_x_247nt		SMPL=KA5|ORG=Aegilops_caudata_markgrafii|GENOMES=None|ITER=3|RANK=2|ORIG=CL9_TR_1_x_247nt		CL00014	dot	0.05
