repeat	subject_type	subject_id	source_rich_table	smpl	org	genomes	iter	rank	TAREAN_annotation	cons_len	size_pct	pdiv_mean	pdiv_median	pdiv_q05	pdiv_q95
SMPL=KA1_KA2|ORG=None|GENOMES=None|ITER=1|RANK=1|ORIG=CL103_TR_1_x_376nt	comparative	KA1_KA2	projects/triticeae_F21FTSEUHT1241/comparative/KA1_KA2/post_tarean/satminer/report/rich_table.tsv	KA1_KA2			1	1	Putative satellites (high confidence)	376	0.15	3.43013698630137	2.7	0.0	6.7
SMPL=KA1_KA2|ORG=None|GENOMES=None|ITER=1|RANK=1|ORIG=CL121_TR_1_x_336nt	comparative	KA1_KA2	projects/triticeae_F21FTSEUHT1241/comparative/KA1_KA2/post_tarean/satminer/report/rich_table.tsv	KA1_KA2			1	1	Putative satellites (high confidence)	336	0.11	8.99056603773585	7.9	2.3200000000000003	18.08
SMPL=KA1_KA2|ORG=None|GENOMES=None|ITER=1|RANK=1|ORIG=CL1_TR_1_x_118nt	comparative	KA1_KA2	projects/triticeae_F21FTSEUHT1241/comparative/KA1_KA2/post_tarean/satminer/report/rich_table.tsv	KA1_KA2			1	1	Putative satellites (high confidence)	118	2.66	9.350112866817156	9.1	2.6	16.95999999999999
SMPL=KA1_KA2|ORG=None|GENOMES=None|ITER=1|RANK=2|ORIG=CL124_TR_1_x_171nt	comparative	KA1_KA2	projects/triticeae_F21FTSEUHT1241/comparative/KA1_KA2/post_tarean/satminer/report/rich_table.tsv	KA1_KA2			1	2	Putative satellites (low confidence)	171	0.1	8.729411764705882	5.3	0.0	21.9
SMPL=KA1_KA2|ORG=None|GENOMES=None|ITER=1|RANK=2|ORIG=CL91_TR_1_x_333nt	comparative	KA1_KA2	projects/triticeae_F21FTSEUHT1241/comparative/KA1_KA2/post_tarean/satminer/report/rich_table.tsv	KA1_KA2			1	2	Putative satellites (low confidence)	333	0.14	7.514285714285714	6.05	1.945	17.414999999999996
SMPL=KA1_KA2|ORG=None|GENOMES=None|ITER=1|RANK=4|ORIG=CL135_TR_1_x_489nt	comparative	KA1_KA2	projects/triticeae_F21FTSEUHT1241/comparative/KA1_KA2/post_tarean/satminer/report/rich_table.tsv	KA1_KA2			1	4	Putative satellites (low confidence)	489	0.11	6.879245283018868	3.9	0.0	20.94
SMPL=KA2_KA3|ORG=None|GENOMES=None|ITER=1|RANK=1|ORIG=CL116_TR_1_x_376nt	comparative	KA2_KA3	projects/triticeae_F21FTSEUHT1241/comparative/KA2_KA3/post_tarean/satminer/report/rich_table.tsv	KA2_KA3			1	1	Putative satellites (high confidence)	376	0.14	3.145833333333333	2.7	0.0	6.480000000000001
SMPL=KA2_KA3|ORG=None|GENOMES=None|ITER=1|RANK=1|ORIG=CL3_TR_1_x_118nt	comparative	KA2_KA3	projects/triticeae_F21FTSEUHT1241/comparative/KA2_KA3/post_tarean/satminer/report/rich_table.tsv	KA2_KA3			1	1	Putative satellites (high confidence)	118	2.38	9.491008403361343	8.75	3.1	18.1
SMPL=KA2_KA3|ORG=None|GENOMES=None|ITER=1|RANK=1|ORIG=CL96_TR_1_x_333nt	comparative	KA2_KA3	projects/triticeae_F21FTSEUHT1241/comparative/KA2_KA3/post_tarean/satminer/report/rich_table.tsv	KA2_KA3			1	1	Putative satellites (high confidence)	333	0.12	7.761290322580645	7.4	2.7100000000000004	14.77
SMPL=KA2_KA3|ORG=None|GENOMES=None|ITER=1|RANK=2|ORIG=CL103_TR_1_x_74nt	comparative	KA2_KA3	projects/triticeae_F21FTSEUHT1241/comparative/KA2_KA3/post_tarean/satminer/report/rich_table.tsv	KA2_KA3			1	2	Putative satellites (low confidence)	74	0.21	6.599065420560748	6.1	0.0	15.839999999999998
SMPL=KA2_KA3|ORG=None|GENOMES=None|ITER=1|RANK=2|ORIG=CL104_TR_1_x_663nt	comparative	KA2_KA3	projects/triticeae_F21FTSEUHT1241/comparative/KA2_KA3/post_tarean/satminer/report/rich_table.tsv	KA2_KA3			1	2	Putative satellites (low confidence)	663	0.14	7.001408450704226	6.0	0.35	22.75
SMPL=KA2_KA3|ORG=None|GENOMES=None|ITER=1|RANK=2|ORIG=CL133_TR_1_x_337nt	comparative	KA2_KA3	projects/triticeae_F21FTSEUHT1241/comparative/KA2_KA3/post_tarean/satminer/report/rich_table.tsv	KA2_KA3			1	2	Putative satellites (low confidence)	337	0.09	8.244444444444444	7.3	2.72	16.899999999999988
SMPL=KA2_KA3|ORG=None|GENOMES=None|ITER=1|RANK=2|ORIG=CL154_TR_1_x_90nt	comparative	KA2_KA3	projects/triticeae_F21FTSEUHT1241/comparative/KA2_KA3/post_tarean/satminer/report/rich_table.tsv	KA2_KA3			1	2	Putative satellites (low confidence)	90	0.11	9.329629629629627	7.7	0.0	24.335
SMPL=KA2_KA3|ORG=None|GENOMES=None|ITER=1|RANK=2|ORIG=CL58_TR_1_x_504nt	comparative	KA2_KA3	projects/triticeae_F21FTSEUHT1241/comparative/KA2_KA3/post_tarean/satminer/report/rich_table.tsv	KA2_KA3			1	2	Putative satellites (low confidence)	504	0.37	10.897814207650272	8.1	2.21	27.080000000000005
SMPL=KA2_KA3|ORG=None|GENOMES=None|ITER=1|RANK=3|ORIG=CL35_TR_1_x_553nt	comparative	KA2_KA3	projects/triticeae_F21FTSEUHT1241/comparative/KA2_KA3/post_tarean/satminer/report/rich_table.tsv	KA2_KA3			1	3	Putative satellites (low confidence)	553	0.54	11.604832713754648	11.4	2.64	21.92
SMPL=KA2_KA3|ORG=None|GENOMES=None|ITER=1|RANK=4|ORIG=CL121_TR_1_x_434nt	comparative	KA2_KA3	projects/triticeae_F21FTSEUHT1241/comparative/KA2_KA3/post_tarean/satminer/report/rich_table.tsv	KA2_KA3			1	4	Putative satellites (low confidence)	434	0.12	8.030508474576271	5.3	0.98	19.01
SMPL=KA1|ORG=Aegilops_bicoris|GENOMES=None|ITER=1|RANK=1|ORIG=CL195_TR_1_x_371nt	sample	KA1	projects/triticeae_F21FTSEUHT1241/samples/KA1/post_tarean/satminer/report/rich_table.tsv	KA1	Aegilops_bicoris		1	1	Putative satellites (high confidence)	371	0.01	4.314285714285714	3.4	1.3	7.889999999999998
SMPL=KA1|ORG=Aegilops_bicoris|GENOMES=None|ITER=1|RANK=1|ORIG=CL5_TR_1_x_118nt	sample	KA1	projects/triticeae_F21FTSEUHT1241/samples/KA1/post_tarean/satminer/report/rich_table.tsv	KA1	Aegilops_bicoris		1	1	Putative satellites (high confidence)	118	0.86	7.946386946386946	7.3	2.34	15.4
SMPL=KA1|ORG=Aegilops_bicoris|GENOMES=None|ITER=1|RANK=2|ORIG=CL103_TR_1_x_74nt	sample	KA1	projects/triticeae_F21FTSEUHT1241/samples/KA1/post_tarean/satminer/report/rich_table.tsv	KA1	Aegilops_bicoris		1	2	Putative satellites (low confidence)	74	0.17	8.583529411764706	8.1	2.9	16.279999999999998
SMPL=KA1|ORG=Aegilops_bicoris|GENOMES=None|ITER=1|RANK=2|ORIG=CL116_TR_1_x_337nt	sample	KA1	projects/triticeae_F21FTSEUHT1241/samples/KA1/post_tarean/satminer/report/rich_table.tsv	KA1	Aegilops_bicoris		1	2	Putative satellites (low confidence)	337	0.12	8.808064516129033	8.350000000000001	3.02	16.374999999999996
SMPL=KA1|ORG=Aegilops_bicoris|GENOMES=None|ITER=1|RANK=2|ORIG=CL146_TR_1_x_171nt	sample	KA1	projects/triticeae_F21FTSEUHT1241/samples/KA1/post_tarean/satminer/report/rich_table.tsv	KA1	Aegilops_bicoris		1	2	Putative satellites (low confidence)	171	0.08	8.888095238095238	7.5	2.7	19.675
SMPL=KA1|ORG=Aegilops_bicoris|GENOMES=None|ITER=1|RANK=2|ORIG=CL172_TR_1_x_247nt	sample	KA1	projects/triticeae_F21FTSEUHT1241/samples/KA1/post_tarean/satminer/report/rich_table.tsv	KA1	Aegilops_bicoris		1	2	Putative satellites (low confidence)	247	0.06	6.421875	4.300000000000001	0.0	17.27
SMPL=KA1|ORG=Aegilops_bicoris|GENOMES=None|ITER=1|RANK=2|ORIG=CL192_TR_1_x_31nt	sample	KA1	projects/triticeae_F21FTSEUHT1241/samples/KA1/post_tarean/satminer/report/rich_table.tsv	KA1	Aegilops_bicoris		1	2	Putative satellites (low confidence)	31	0.07	3.32972972972973	3.3	0.0	7.459999999999988
SMPL=KA1|ORG=Aegilops_bicoris|GENOMES=None|ITER=1|RANK=2|ORIG=CL25_TR_1_x_580nt	sample	KA1	projects/triticeae_F21FTSEUHT1241/samples/KA1/post_tarean/satminer/report/rich_table.tsv	KA1	Aegilops_bicoris		1	2	Putative satellites (low confidence)	580	0.6	10.91953642384106	10.15	2.41	20.379999999999995
SMPL=KA1|ORG=Aegilops_bicoris|GENOMES=None|ITER=1|RANK=2|ORIG=CL82_TR_1_x_333nt	sample	KA1	projects/triticeae_F21FTSEUHT1241/samples/KA1/post_tarean/satminer/report/rich_table.tsv	KA1	Aegilops_bicoris		1	2	Putative satellites (low confidence)	333	0.2	7.276237623762376	6.5	1.5	15.9
SMPL=KA1|ORG=Aegilops_bicoris|GENOMES=None|ITER=1|RANK=2|ORIG=CL98_TR_1_x_64nt	sample	KA1	projects/triticeae_F21FTSEUHT1241/samples/KA1/post_tarean/satminer/report/rich_table.tsv	KA1	Aegilops_bicoris		1	2	Putative satellites (low confidence)	64	0.17	10.91547619047619	10.4	3.515	20.0
SMPL=KA1|ORG=Aegilops_bicoris|GENOMES=None|ITER=1|RANK=3|ORIG=CL56_TR_1_x_503nt	sample	KA1	projects/triticeae_F21FTSEUHT1241/samples/KA1/post_tarean/satminer/report/rich_table.tsv	KA1	Aegilops_bicoris		1	3	Putative satellites (low confidence)	503	0.43	14.566976744186046	13.0	3.65	29.61999999999999
SMPL=KA1|ORG=Aegilops_bicoris|GENOMES=None|ITER=2|RANK=1|ORIG=CL1_TR_1_x_118nt	sample	KA1	projects/triticeae_F21FTSEUHT1241/samples/KA1/post_tarean/satminer/report/rich_table.tsv	KA1	Aegilops_bicoris		2	1	Putative satellites (high confidence)	118	0.95	11.031865828092243	10.8	4.98	18.0
SMPL=KA1|ORG=Aegilops_bicoris|GENOMES=None|ITER=2|RANK=1|ORIG=CL217_TR_1_x_46nt	sample	KA1	projects/triticeae_F21FTSEUHT1241/samples/KA1/post_tarean/satminer/report/rich_table.tsv	KA1	Aegilops_bicoris		2	1	Putative satellites (high confidence)	46	0.05	7.186956521739131	6.5	2.2	16.98999999999999
SMPL=KA1|ORG=Aegilops_bicoris|GENOMES=None|ITER=2|RANK=1|ORIG=CL60_TR_1_x_369nt	sample	KA1	projects/triticeae_F21FTSEUHT1241/samples/KA1/post_tarean/satminer/report/rich_table.tsv	KA1	Aegilops_bicoris		2	1	Putative satellites (high confidence)	369	0.01	5.1	4.7	2.8400000000000003	7.74
SMPL=KA1|ORG=Aegilops_bicoris|GENOMES=None|ITER=2|RANK=2|ORIG=CL161_TR_1_x_119nt	sample	KA1	projects/triticeae_F21FTSEUHT1241/samples/KA1/post_tarean/satminer/report/rich_table.tsv	KA1	Aegilops_bicoris		2	2	Putative satellites (low confidence)	119	0.12	14.145762711864409	13.1	2.250000000000001	26.36
SMPL=KA1|ORG=Aegilops_bicoris|GENOMES=None|ITER=2|RANK=2|ORIG=CL196_TR_1_x_187nt	sample	KA1	projects/triticeae_F21FTSEUHT1241/samples/KA1/post_tarean/satminer/report/rich_table.tsv	KA1	Aegilops_bicoris		2	2	Putative satellites (low confidence)	187	0.04	9.485	7.25	3.5650000000000004	21.2
SMPL=KA1|ORG=Aegilops_bicoris|GENOMES=None|ITER=2|RANK=2|ORIG=CL31_TR_1_x_866nt	sample	KA1	projects/triticeae_F21FTSEUHT1241/samples/KA1/post_tarean/satminer/report/rich_table.tsv	KA1	Aegilops_bicoris		2	2	Putative satellites (low confidence)	866	0.08	12.375	8.0	1.3949999999999998	31.93999999999999
SMPL=KA1|ORG=Aegilops_bicoris|GENOMES=None|ITER=3|RANK=1|ORIG=CL1_TR_1_x_118nt	sample	KA1	projects/triticeae_F21FTSEUHT1241/samples/KA1/post_tarean/satminer/report/rich_table.tsv	KA1	Aegilops_bicoris		3	1	Putative satellites (high confidence)	118	0.44	9.74181818181818	9.5	5.075	15.644999999999984
SMPL=KA1|ORG=Aegilops_bicoris|GENOMES=None|ITER=3|RANK=1|ORIG=CL6_TR_1_x_369nt	sample	KA1	projects/triticeae_F21FTSEUHT1241/samples/KA1/post_tarean/satminer/report/rich_table.tsv	KA1	Aegilops_bicoris		3	1	Putative satellites (high confidence)	369	0.02	4.9375	4.7	2.49	7.09
SMPL=KA1|ORG=Aegilops_bicoris|GENOMES=None|ITER=3|RANK=2|ORIG=CL56_TR_1_x_46nt	sample	KA1	projects/triticeae_F21FTSEUHT1241/samples/KA1/post_tarean/satminer/report/rich_table.tsv	KA1	Aegilops_bicoris		3	2	Putative satellites (low confidence)	46	0.04	7.054545454545454	6.6	2.2	13.3
SMPL=KA2|ORG=Aegilops_sharonesis|GENOMES=None|ITER=1|RANK=1|ORIG=CL1_TR_1_x_118nt	sample	KA2	projects/triticeae_F21FTSEUHT1241/samples/KA2/post_tarean/satminer/report/rich_table.tsv	KA2	Aegilops_sharonesis		1	1	Putative satellites (high confidence)	118	1.38	8.85355587808418	8.5	3.4000000000000004	15.760000000000002
SMPL=KA2|ORG=Aegilops_sharonesis|GENOMES=None|ITER=1|RANK=1|ORIG=CL68_TR_1_x_376nt	sample	KA2	projects/triticeae_F21FTSEUHT1241/samples/KA2/post_tarean/satminer/report/rich_table.tsv	KA2	Aegilops_sharonesis		1	1	Putative satellites (high confidence)	376	0.05	4.279166666666667	4.35	0.1950000000000001	8.399999999999995
SMPL=KA2|ORG=Aegilops_sharonesis|GENOMES=None|ITER=1|RANK=1|ORIG=CL91_TR_1_x_663nt	sample	KA2	projects/triticeae_F21FTSEUHT1241/samples/KA2/post_tarean/satminer/report/rich_table.tsv	KA2	Aegilops_sharonesis		1	1	Putative satellites (high confidence)	663	0.05	5.16	5.6	1.62	9.9
SMPL=KA2|ORG=Aegilops_sharonesis|GENOMES=None|ITER=1|RANK=2|ORIG=CL133_TR_1_x_247nt	sample	KA2	projects/triticeae_F21FTSEUHT1241/samples/KA2/post_tarean/satminer/report/rich_table.tsv	KA2	Aegilops_sharonesis		1	2	Putative satellites (low confidence)	247	0.09	7.474468085106383	5.3	0.0	17.740000000000002
SMPL=KA2|ORG=Aegilops_sharonesis|GENOMES=None|ITER=1|RANK=2|ORIG=CL143_TR_1_x_122nt	sample	KA2	projects/triticeae_F21FTSEUHT1241/samples/KA2/post_tarean/satminer/report/rich_table.tsv	KA2	Aegilops_sharonesis		1	2	Putative satellites (low confidence)	122	0.09	6.608888888888888	6.4	2.0	11.439999999999998
SMPL=KA2|ORG=Aegilops_sharonesis|GENOMES=None|ITER=1|RANK=2|ORIG=CL156_TR_1_x_152nt	sample	KA2	projects/triticeae_F21FTSEUHT1241/samples/KA2/post_tarean/satminer/report/rich_table.tsv	KA2	Aegilops_sharonesis		1	2	Putative satellites (low confidence)	152	0.07	5.709090909090909	3.1	2.16	13.98
SMPL=KA2|ORG=Aegilops_sharonesis|GENOMES=None|ITER=1|RANK=2|ORIG=CL164_TR_1_x_90nt	sample	KA2	projects/triticeae_F21FTSEUHT1241/samples/KA2/post_tarean/satminer/report/rich_table.tsv	KA2	Aegilops_sharonesis		1	2	Putative satellites (low confidence)	90	0.09	7.915909090909091	7.2	0.0	19.455
SMPL=KA2|ORG=Aegilops_sharonesis|GENOMES=None|ITER=1|RANK=2|ORIG=CL173_TR_1_x_326nt	sample	KA2	projects/triticeae_F21FTSEUHT1241/samples/KA2/post_tarean/satminer/report/rich_table.tsv	KA2	Aegilops_sharonesis		1	2	Putative satellites (low confidence)	326	0.06	7.617241379310345	8.0	0.8	13.899999999999997
SMPL=KA2|ORG=Aegilops_sharonesis|GENOMES=None|ITER=2|RANK=1|ORIG=CL1_TR_1_x_118nt	sample	KA2	projects/triticeae_F21FTSEUHT1241/samples/KA2/post_tarean/satminer/report/rich_table.tsv	KA2	Aegilops_sharonesis		2	1	Putative satellites (high confidence)	118	2.24	9.400714285714283	8.7	3.895000000000001	17.3
SMPL=KA2|ORG=Aegilops_sharonesis|GENOMES=None|ITER=2|RANK=1|ORIG=CL2_TR_1_x_376nt	sample	KA2	projects/triticeae_F21FTSEUHT1241/samples/KA2/post_tarean/satminer/report/rich_table.tsv	KA2	Aegilops_sharonesis		2	1	Putative satellites (high confidence)	376	0.05	2.965217391304348	3.3	0.8500000000000001	5.58
SMPL=KA2|ORG=Aegilops_sharonesis|GENOMES=None|ITER=2|RANK=1|ORIG=CL57_TR_1_x_44nt	sample	KA2	projects/triticeae_F21FTSEUHT1241/samples/KA2/post_tarean/satminer/report/rich_table.tsv	KA2	Aegilops_sharonesis		2	1	Putative satellites (high confidence)	44	0.05	5.630434782608695	4.8	0.2400000000000002	11.209999999999996
SMPL=KA2|ORG=Aegilops_sharonesis|GENOMES=None|ITER=2|RANK=1|ORIG=CL5_TR_1_x_662nt	sample	KA2	projects/triticeae_F21FTSEUHT1241/samples/KA2/post_tarean/satminer/report/rich_table.tsv	KA2	Aegilops_sharonesis		2	1	Putative satellites (high confidence)	662	0.04	7.125	5.75	3.27	14.505000000000008
SMPL=KA2|ORG=Aegilops_sharonesis|GENOMES=None|ITER=3|RANK=1|ORIG=CL1_TR_1_x_118nt	sample	KA2	projects/triticeae_F21FTSEUHT1241/samples/KA2/post_tarean/satminer/report/rich_table.tsv	KA2	Aegilops_sharonesis		3	1	Putative satellites (high confidence)	118	0.88	10.747272727272728	10.6	4.680000000000001	17.609999999999992
SMPL=KA2|ORG=Aegilops_sharonesis|GENOMES=None|ITER=3|RANK=1|ORIG=CL24_TR_1_x_44nt	sample	KA2	projects/triticeae_F21FTSEUHT1241/samples/KA2/post_tarean/satminer/report/rich_table.tsv	KA2	Aegilops_sharonesis		3	1	Putative satellites (high confidence)	44	0.04	8.68421052631579	7.0	3.02	13.829999999999997
SMPL=KA2|ORG=Aegilops_sharonesis|GENOMES=None|ITER=3|RANK=1|ORIG=CL2_TR_1_x_376nt	sample	KA2	projects/triticeae_F21FTSEUHT1241/samples/KA2/post_tarean/satminer/report/rich_table.tsv	KA2	Aegilops_sharonesis		3	1	Putative satellites (high confidence)	376	0.11	2.955555555555556	2.7	0.0	6.504999999999999
SMPL=KA2|ORG=Aegilops_sharonesis|GENOMES=None|ITER=3|RANK=2|ORIG=CL3_TR_1_x_663nt	sample	KA2	projects/triticeae_F21FTSEUHT1241/samples/KA2/post_tarean/satminer/report/rich_table.tsv	KA2	Aegilops_sharonesis		3	2	Putative satellites (low confidence)	663	0.07	7.376470588235295	5.85	1.7	21.08
SMPL=KA3|ORG=Aegilops_kotschyi|GENOMES=None|ITER=1|RANK=1|ORIG=CL12_TR_1_x_118nt	sample	KA3	projects/triticeae_F21FTSEUHT1241/samples/KA3/post_tarean/satminer/report/rich_table.tsv	KA3	Aegilops_kotschyi		1	1	Putative satellites (high confidence)	118	0.41	10.184466019417476	9.85	3.5	18.4
SMPL=KA3|ORG=Aegilops_kotschyi|GENOMES=None|ITER=1|RANK=1|ORIG=CL144_TR_1_x_119nt	sample	KA3	projects/triticeae_F21FTSEUHT1241/samples/KA3/post_tarean/satminer/report/rich_table.tsv	KA3	Aegilops_kotschyi		1	1	Putative satellites (high confidence)	119	0.14	10.024285714285716	8.3	0.935	23.75
SMPL=KA3|ORG=Aegilops_kotschyi|GENOMES=None|ITER=1|RANK=2|ORIG=CL130_TR_1_x_338nt	sample	KA3	projects/triticeae_F21FTSEUHT1241/samples/KA3/post_tarean/satminer/report/rich_table.tsv	KA3	Aegilops_kotschyi		1	2	Putative satellites (low confidence)	338	0.1	9.174	9.3	4.945	14.079999999999997
SMPL=KA3|ORG=Aegilops_kotschyi|GENOMES=None|ITER=1|RANK=2|ORIG=CL162_TR_1_x_184nt	sample	KA3	projects/triticeae_F21FTSEUHT1241/samples/KA3/post_tarean/satminer/report/rich_table.tsv	KA3	Aegilops_kotschyi		1	2	Putative satellites (low confidence)	184	0.09	10.469767441860466	9.7	1.32	20.41
SMPL=KA3|ORG=Aegilops_kotschyi|GENOMES=None|ITER=1|RANK=2|ORIG=CL193_TR_1_x_44nt	sample	KA3	projects/triticeae_F21FTSEUHT1241/samples/KA3/post_tarean/satminer/report/rich_table.tsv	KA3	Aegilops_kotschyi		1	2	Putative satellites (low confidence)	44	0.12	5.563793103448275	4.5	0.0	13.599999999999998
SMPL=KA3|ORG=Aegilops_kotschyi|GENOMES=None|ITER=1|RANK=2|ORIG=CL196_TR_1_x_369nt	sample	KA3	projects/triticeae_F21FTSEUHT1241/samples/KA3/post_tarean/satminer/report/rich_table.tsv	KA3	Aegilops_kotschyi		1	2	Putative satellites (low confidence)	369	0.05	5.030434782608696	4.2	0.95	11.749999999999996
SMPL=KA3|ORG=Aegilops_kotschyi|GENOMES=None|ITER=1|RANK=2|ORIG=CL58_TR_1_x_504nt	sample	KA3	projects/triticeae_F21FTSEUHT1241/samples/KA3/post_tarean/satminer/report/rich_table.tsv	KA3	Aegilops_kotschyi		1	2	Putative satellites (low confidence)	504	0.39	11.38871794871795	8.7	1.8800000000000003	26.90999999999999
SMPL=KA3|ORG=Aegilops_kotschyi|GENOMES=None|ITER=1|RANK=2|ORIG=CL94_TR_1_x_74nt	sample	KA3	projects/triticeae_F21FTSEUHT1241/samples/KA3/post_tarean/satminer/report/rich_table.tsv	KA3	Aegilops_kotschyi		1	2	Putative satellites (low confidence)	74	0.28	7.070422535211268	6.8	0.0700000000000009	14.45999999999999
SMPL=KA3|ORG=Aegilops_kotschyi|GENOMES=None|ITER=1|RANK=3|ORIG=CL25_TR_1_x_551nt	sample	KA3	projects/triticeae_F21FTSEUHT1241/samples/KA3/post_tarean/satminer/report/rich_table.tsv	KA3	Aegilops_kotschyi		1	3	Putative satellites (low confidence)	551	0.53	10.80380228136882	9.3	2.7	21.09
SMPL=KA3|ORG=Aegilops_kotschyi|GENOMES=None|ITER=1|RANK=4|ORIG=CL131_TR_1_x_411nt	sample	KA3	projects/triticeae_F21FTSEUHT1241/samples/KA3/post_tarean/satminer/report/rich_table.tsv	KA3	Aegilops_kotschyi		1	4	Putative satellites (low confidence)	411	0.11	8.42280701754386	5.4	0.0	20.56
SMPL=KA3|ORG=Aegilops_kotschyi|GENOMES=None|ITER=2|RANK=1|ORIG=CL1_TR_1_x_118nt	sample	KA3	projects/triticeae_F21FTSEUHT1241/samples/KA3/post_tarean/satminer/report/rich_table.tsv	KA3	Aegilops_kotschyi		2	1	Putative satellites (high confidence)	118	0.8	10.04364089775561	9.0	3.1	18.8
SMPL=KA3|ORG=Aegilops_kotschyi|GENOMES=None|ITER=2|RANK=1|ORIG=CL50_TR_1_x_510nt	sample	KA3	projects/triticeae_F21FTSEUHT1241/samples/KA3/post_tarean/satminer/report/rich_table.tsv	KA3	Aegilops_kotschyi		2	1	Putative satellites (high confidence)	510	0.04	8.511111111111111	6.8	3.01	23.645
SMPL=KA3|ORG=Aegilops_kotschyi|GENOMES=None|ITER=2|RANK=2|ORIG=CL108_TR_1_x_323nt	sample	KA3	projects/triticeae_F21FTSEUHT1241/samples/KA3/post_tarean/satminer/report/rich_table.tsv	KA3	Aegilops_kotschyi		2	2	Putative satellites (low confidence)	323	0.05	10.44	11.6	3.34	15.839999999999998
SMPL=KA3|ORG=Aegilops_kotschyi|GENOMES=None|ITER=2|RANK=2|ORIG=CL33_TR_1_x_90nt	sample	KA3	projects/triticeae_F21FTSEUHT1241/samples/KA3/post_tarean/satminer/report/rich_table.tsv	KA3	Aegilops_kotschyi		2	2	Putative satellites (low confidence)	90	0.05	10.153846153846152	8.9	4.2	22.1
SMPL=KA3|ORG=Aegilops_kotschyi|GENOMES=None|ITER=3|RANK=1|ORIG=CL1_TR_1_x_118nt	sample	KA3	projects/triticeae_F21FTSEUHT1241/samples/KA3/post_tarean/satminer/report/rich_table.tsv	KA3	Aegilops_kotschyi		3	1	Putative satellites (high confidence)	118	0.81	10.44579207920792	9.7	4.715000000000001	18.0
SMPL=KA3|ORG=Aegilops_kotschyi|GENOMES=None|ITER=3|RANK=1|ORIG=CL95_TR_1_x_86nt	sample	KA3	projects/triticeae_F21FTSEUHT1241/samples/KA3/post_tarean/satminer/report/rich_table.tsv	KA3	Aegilops_kotschyi		3	1	Putative satellites (high confidence)	86	0.04	6.872222222222223	6.9	1.955	11.189999999999998
SMPL=KA3|ORG=Aegilops_kotschyi|GENOMES=None|ITER=3|RANK=3|ORIG=CL9_TR_1_x_506nt	sample	KA3	projects/triticeae_F21FTSEUHT1241/samples/KA3/post_tarean/satminer/report/rich_table.tsv	KA3	Aegilops_kotschyi		3	3	Putative satellites (low confidence)	506	0.03	10.905882352941177	6.2	3.26	31.24
SMPL=KA4|ORG=Aegilops_caudata_markgrafii|GENOMES=None|ITER=1|RANK=1|ORIG=CL146_TR_1_x_324nt	sample	KA4	projects/triticeae_F21FTSEUHT1241/samples/KA4/post_tarean/satminer/report/rich_table.tsv	KA4	Aegilops_caudata_markgrafii		1	1	Putative satellites (high confidence)	324	0.03	7.10625	6.45	0.0	17.375
SMPL=KA4|ORG=Aegilops_caudata_markgrafii|GENOMES=None|ITER=1|RANK=1|ORIG=CL199_TR_1_x_118nt	sample	KA4	projects/triticeae_F21FTSEUHT1241/samples/KA4/post_tarean/satminer/report/rich_table.tsv	KA4	Aegilops_caudata_markgrafii		1	1	Putative satellites (high confidence)	118	0.17	23.36744186046512	26.6	7.500000000000001	33.3
SMPL=KA4|ORG=Aegilops_caudata_markgrafii|GENOMES=None|ITER=1|RANK=1|ORIG=CL35_TR_1_x_118nt	sample	KA4	projects/triticeae_F21FTSEUHT1241/samples/KA4/post_tarean/satminer/report/rich_table.tsv	KA4	Aegilops_caudata_markgrafii		1	1	Putative satellites (high confidence)	118	0.21	7.576699029126213	5.9	0.9	22.87999999999996
SMPL=KA4|ORG=Aegilops_caudata_markgrafii|GENOMES=None|ITER=1|RANK=1|ORIG=CL56_TR_1_x_553nt	sample	KA4	projects/triticeae_F21FTSEUHT1241/samples/KA4/post_tarean/satminer/report/rich_table.tsv	KA4	Aegilops_caudata_markgrafii		1	1	Putative satellites (high confidence)	553	0.36	3.920670391061453	3.6	0.0	8.1
SMPL=KA4|ORG=Aegilops_caudata_markgrafii|GENOMES=None|ITER=1|RANK=2|ORIG=CL143_TR_1_x_44nt	sample	KA4	projects/triticeae_F21FTSEUHT1241/samples/KA4/post_tarean/satminer/report/rich_table.tsv	KA4	Aegilops_caudata_markgrafii		1	2	Putative satellites (low confidence)	44	0.21	4.778095238095238	4.5	2.3	10.979999999999992
SMPL=KA4|ORG=Aegilops_caudata_markgrafii|GENOMES=None|ITER=1|RANK=2|ORIG=CL164_TR_1_x_319nt	sample	KA4	projects/triticeae_F21FTSEUHT1241/samples/KA4/post_tarean/satminer/report/rich_table.tsv	KA4	Aegilops_caudata_markgrafii		1	2	Putative satellites (low confidence)	319	0.08	9.857142857142858	7.05	0.0350000000000001	29.665
SMPL=KA4|ORG=Aegilops_caudata_markgrafii|GENOMES=None|ITER=1|RANK=2|ORIG=CL186_TR_1_x_71nt	sample	KA4	projects/triticeae_F21FTSEUHT1241/samples/KA4/post_tarean/satminer/report/rich_table.tsv	KA4	Aegilops_caudata_markgrafii		1	2	Putative satellites (low confidence)	71	0.08	6.521052631578947	5.449999999999999	0.0	16.36
SMPL=KA4|ORG=Aegilops_caudata_markgrafii|GENOMES=None|ITER=1|RANK=2|ORIG=CL63_TR_1_x_121nt	sample	KA4	projects/triticeae_F21FTSEUHT1241/samples/KA4/post_tarean/satminer/report/rich_table.tsv	KA4	Aegilops_caudata_markgrafii		1	2	Putative satellites (low confidence)	121	0.41	4.616256157635468	4.4	0.0	11.1
SMPL=KA4|ORG=Aegilops_caudata_markgrafii|GENOMES=None|ITER=1|RANK=2|ORIG=CL68_TR_1_x_582nt	sample	KA4	projects/triticeae_F21FTSEUHT1241/samples/KA4/post_tarean/satminer/report/rich_table.tsv	KA4	Aegilops_caudata_markgrafii		1	2	Putative satellites (low confidence)	582	0.28	11.422857142857143	9.1	2.7	24.82999999999999
SMPL=KA4|ORG=Aegilops_caudata_markgrafii|GENOMES=None|ITER=1|RANK=2|ORIG=CL91_TR_1_x_74nt	sample	KA4	projects/triticeae_F21FTSEUHT1241/samples/KA4/post_tarean/satminer/report/rich_table.tsv	KA4	Aegilops_caudata_markgrafii		1	2	Putative satellites (low confidence)	74	0.34	6.935672514619883	6.8	0.0	14.2
SMPL=KA4|ORG=Aegilops_caudata_markgrafii|GENOMES=None|ITER=2|RANK=1|ORIG=CL109_TR_1_x_118nt	sample	KA4	projects/triticeae_F21FTSEUHT1241/samples/KA4/post_tarean/satminer/report/rich_table.tsv	KA4	Aegilops_caudata_markgrafii		2	1	Putative satellites (high confidence)	118	0.04	8.071428571428571	7.8	3.9	11.2
SMPL=KA4|ORG=Aegilops_caudata_markgrafii|GENOMES=None|ITER=2|RANK=1|ORIG=CL183_TR_1_x_163nt	sample	KA4	projects/triticeae_F21FTSEUHT1241/samples/KA4/post_tarean/satminer/report/rich_table.tsv	KA4	Aegilops_caudata_markgrafii		2	1	Putative satellites (high confidence)	163	0.04	1.161904761904762	0.0	0.0	3.6
SMPL=KA4|ORG=Aegilops_caudata_markgrafii|GENOMES=None|ITER=2|RANK=1|ORIG=CL1_TR_1_x_118nt	sample	KA4	projects/triticeae_F21FTSEUHT1241/samples/KA4/post_tarean/satminer/report/rich_table.tsv	KA4	Aegilops_caudata_markgrafii		2	1	Putative satellites (high confidence)	118	0.42	6.71042654028436	6.0	2.0	14.85
SMPL=KA4|ORG=Aegilops_caudata_markgrafii|GENOMES=None|ITER=2|RANK=1|ORIG=CL54_TR_1_x_323nt	sample	KA4	projects/triticeae_F21FTSEUHT1241/samples/KA4/post_tarean/satminer/report/rich_table.tsv	KA4	Aegilops_caudata_markgrafii		2	1	Putative satellites (high confidence)	323	0.03	8.069230769230769	7.1	2.84	17.559999999999995
SMPL=KA4|ORG=Aegilops_caudata_markgrafii|GENOMES=None|ITER=2|RANK=2|ORIG=CL208_TR_1_x_337nt	sample	KA4	projects/triticeae_F21FTSEUHT1241/samples/KA4/post_tarean/satminer/report/rich_table.tsv	KA4	Aegilops_caudata_markgrafii		2	2	Putative satellites (low confidence)	337	0.05	9.653846153846152	8.7	3.9	18.4
SMPL=KA4|ORG=Aegilops_caudata_markgrafii|GENOMES=None|ITER=2|RANK=4|ORIG=CL65_TR_1_x_488nt	sample	KA4	projects/triticeae_F21FTSEUHT1241/samples/KA4/post_tarean/satminer/report/rich_table.tsv	KA4	Aegilops_caudata_markgrafii		2	4	Putative satellites (low confidence)	488	0.05	8.707407407407407	7.1	0.7	21.9
SMPL=KA4|ORG=Aegilops_caudata_markgrafii|GENOMES=None|ITER=3|RANK=1|ORIG=CL1_TR_1_x_118nt	sample	KA4	projects/triticeae_F21FTSEUHT1241/samples/KA4/post_tarean/satminer/report/rich_table.tsv	KA4	Aegilops_caudata_markgrafii		3	1	Putative satellites (high confidence)	118	0.39	8.294300518134715	6.1	1.5800000000000003	25.19999999999999
SMPL=KA4|ORG=Aegilops_caudata_markgrafii|GENOMES=None|ITER=3|RANK=1|ORIG=CL3_TR_1_x_323nt	sample	KA4	projects/triticeae_F21FTSEUHT1241/samples/KA4/post_tarean/satminer/report/rich_table.tsv	KA4	Aegilops_caudata_markgrafii		3	1	Putative satellites (high confidence)	323	0.03	8.168750000000001	6.85	3.5250000000000004	16.25
SMPL=KA4|ORG=Aegilops_caudata_markgrafii|GENOMES=None|ITER=3|RANK=1|ORIG=CL7_TR_1_x_118nt	sample	KA4	projects/triticeae_F21FTSEUHT1241/samples/KA4/post_tarean/satminer/report/rich_table.tsv	KA4	Aegilops_caudata_markgrafii		3	1	Putative satellites (high confidence)	118	0.01	7.5	8.5	4.359999999999999	9.94
SMPL=KA5|ORG=Aegilops_caudata_markgrafii|GENOMES=None|ITER=1|RANK=1|ORIG=CL164_TR_1_x_320nt	sample	KA5	projects/triticeae_F21FTSEUHT1241/samples/KA5/post_tarean/satminer/report/rich_table.tsv	KA5	Aegilops_caudata_markgrafii		1	1	Putative satellites (high confidence)	320	0.05	4.0125	3.25	0.0	12.284999999999997
SMPL=KA5|ORG=Aegilops_caudata_markgrafii|GENOMES=None|ITER=1|RANK=1|ORIG=CL179_TR_1_x_312nt	sample	KA5	projects/triticeae_F21FTSEUHT1241/samples/KA5/post_tarean/satminer/report/rich_table.tsv	KA5	Aegilops_caudata_markgrafii		1	1	Putative satellites (high confidence)	312	0.01	5.8500000000000005	5.15	0.7249999999999999	11.825
SMPL=KA5|ORG=Aegilops_caudata_markgrafii|GENOMES=None|ITER=1|RANK=1|ORIG=CL45_TR_1_x_118nt	sample	KA5	projects/triticeae_F21FTSEUHT1241/samples/KA5/post_tarean/satminer/report/rich_table.tsv	KA5	Aegilops_caudata_markgrafii		1	1	Putative satellites (high confidence)	118	0.2	3.2979591836734694	2.5	0.0	10.999999999999982
SMPL=KA5|ORG=Aegilops_caudata_markgrafii|GENOMES=None|ITER=1|RANK=1|ORIG=CL54_TR_1_x_553nt	sample	KA5	projects/triticeae_F21FTSEUHT1241/samples/KA5/post_tarean/satminer/report/rich_table.tsv	KA5	Aegilops_caudata_markgrafii		1	1	Putative satellites (high confidence)	553	0.02	3.2555555555555555	3.3	1.3	5.06
SMPL=KA5|ORG=Aegilops_caudata_markgrafii|GENOMES=None|ITER=1|RANK=1|ORIG=CL81_TR_1_x_74nt	sample	KA5	projects/triticeae_F21FTSEUHT1241/samples/KA5/post_tarean/satminer/report/rich_table.tsv	KA5	Aegilops_caudata_markgrafii		1	1	Putative satellites (high confidence)	74	0.33	6.3527272727272734	6.3	0.2800000000000014	12.619999999999994
SMPL=KA5|ORG=Aegilops_caudata_markgrafii|GENOMES=None|ITER=1|RANK=2|ORIG=CL118_TR_1_x_663nt	sample	KA5	projects/triticeae_F21FTSEUHT1241/samples/KA5/post_tarean/satminer/report/rich_table.tsv	KA5	Aegilops_caudata_markgrafii		1	2	Putative satellites (low confidence)	663	0.11	6.011320754716982	5.4	0.92	15.059999999999988
SMPL=KA5|ORG=Aegilops_caudata_markgrafii|GENOMES=None|ITER=1|RANK=2|ORIG=CL85_TR_1_x_504nt	sample	KA5	projects/triticeae_F21FTSEUHT1241/samples/KA5/post_tarean/satminer/report/rich_table.tsv	KA5	Aegilops_caudata_markgrafii		1	2	Putative satellites (low confidence)	504	0.25	14.05609756097561	13.0	3.2300000000000004	27.37
SMPL=KA5|ORG=Aegilops_caudata_markgrafii|GENOMES=None|ITER=1|RANK=2|ORIG=CL96_TR_1_x_121nt	sample	KA5	projects/triticeae_F21FTSEUHT1241/samples/KA5/post_tarean/satminer/report/rich_table.tsv	KA5	Aegilops_caudata_markgrafii		1	2	Putative satellites (low confidence)	121	0.21	4.284112149532711	3.6	0.0	13.50999999999994
SMPL=KA5|ORG=Aegilops_caudata_markgrafii|GENOMES=None|ITER=2|RANK=1|ORIG=CL1_TR_1_x_118nt	sample	KA5	projects/triticeae_F21FTSEUHT1241/samples/KA5/post_tarean/satminer/report/rich_table.tsv	KA5	Aegilops_caudata_markgrafii		2	1	Putative satellites (high confidence)	118					
SMPL=KA5|ORG=Aegilops_caudata_markgrafii|GENOMES=None|ITER=2|RANK=1|ORIG=CL2_TR_1_x_553nt	sample	KA5	projects/triticeae_F21FTSEUHT1241/samples/KA5/post_tarean/satminer/report/rich_table.tsv	KA5	Aegilops_caudata_markgrafii		2	1	Putative satellites (high confidence)	553	0.16	3.630864197530864	3.8	0.0	6.7
SMPL=KA5|ORG=Aegilops_caudata_markgrafii|GENOMES=None|ITER=2|RANK=1|ORIG=CL3_TR_1_x_74nt	sample	KA5	projects/triticeae_F21FTSEUHT1241/samples/KA5/post_tarean/satminer/report/rich_table.tsv	KA5	Aegilops_caudata_markgrafii		2	1	Putative satellites (high confidence)	74					
SMPL=KA5|ORG=Aegilops_caudata_markgrafii|GENOMES=None|ITER=2|RANK=1|ORIG=CL50_TR_1_x_44nt	sample	KA5	projects/triticeae_F21FTSEUHT1241/samples/KA5/post_tarean/satminer/report/rich_table.tsv	KA5	Aegilops_caudata_markgrafii		2	1	Putative satellites (high confidence)	44	0.09	5.765909090909091	6.8	0.0	11.825
SMPL=KA5|ORG=Aegilops_caudata_markgrafii|GENOMES=None|ITER=2|RANK=1|ORIG=CL54_TR_1_x_324nt	sample	KA5	projects/triticeae_F21FTSEUHT1241/samples/KA5/post_tarean/satminer/report/rich_table.tsv	KA5	Aegilops_caudata_markgrafii		2	1	Putative satellites (high confidence)	324	0.01	1.842857142857143	1.6	0.39	3.119999999999999
SMPL=KA5|ORG=Aegilops_caudata_markgrafii|GENOMES=None|ITER=2|RANK=2|ORIG=CL110_TR_1_x_341nt	sample	KA5	projects/triticeae_F21FTSEUHT1241/samples/KA5/post_tarean/satminer/report/rich_table.tsv	KA5	Aegilops_caudata_markgrafii		2	2	Putative satellites (low confidence)	341	0.06	8.951724137931036	7.6	4.02	19.079999999999995
SMPL=KA5|ORG=Aegilops_caudata_markgrafii|GENOMES=None|ITER=2|RANK=2|ORIG=CL12_TR_1_x_319nt	sample	KA5	projects/triticeae_F21FTSEUHT1241/samples/KA5/post_tarean/satminer/report/rich_table.tsv	KA5	Aegilops_caudata_markgrafii		2	2	Putative satellites (low confidence)	319	0.04	10.916666666666666	4.800000000000001	2.235	32.485
SMPL=KA5|ORG=Aegilops_caudata_markgrafii|GENOMES=None|ITER=3|RANK=1|ORIG=CL18_TR_1_x_44nt	sample	KA5	projects/triticeae_F21FTSEUHT1241/samples/KA5/post_tarean/satminer/report/rich_table.tsv	KA5	Aegilops_caudata_markgrafii		3	1	Putative satellites (high confidence)	44	0.09	5.755813953488372	6.8	0.0	13.459999999999996
SMPL=KA5|ORG=Aegilops_caudata_markgrafii|GENOMES=None|ITER=3|RANK=1|ORIG=CL1_TR_1_x_118nt	sample	KA5	projects/triticeae_F21FTSEUHT1241/samples/KA5/post_tarean/satminer/report/rich_table.tsv	KA5	Aegilops_caudata_markgrafii		3	1	Putative satellites (high confidence)	118	0.56	7.1	5.9	1.0450000000000013	19.31
SMPL=KA5|ORG=Aegilops_caudata_markgrafii|GENOMES=None|ITER=3|RANK=1|ORIG=CL2_TR_1_x_553nt	sample	KA5	projects/triticeae_F21FTSEUHT1241/samples/KA5/post_tarean/satminer/report/rich_table.tsv	KA5	Aegilops_caudata_markgrafii		3	1	Putative satellites (high confidence)	553	0.17	3.3344827586206898	2.8	0.7	7.790000000000002
SMPL=KA5|ORG=Aegilops_caudata_markgrafii|GENOMES=None|ITER=3|RANK=1|ORIG=CL6_TR_1_x_323nt	sample	KA5	projects/triticeae_F21FTSEUHT1241/samples/KA5/post_tarean/satminer/report/rich_table.tsv	KA5	Aegilops_caudata_markgrafii		3	1	Putative satellites (high confidence)	323	0.03	7.35	6.25	0.7	15.5
SMPL=KA5|ORG=Aegilops_caudata_markgrafii|GENOMES=None|ITER=3|RANK=2|ORIG=CL3_TR_1_x_74nt	sample	KA5	projects/triticeae_F21FTSEUHT1241/samples/KA5/post_tarean/satminer/report/rich_table.tsv	KA5	Aegilops_caudata_markgrafii		3	2	Putative satellites (low confidence)	74	0.32	5.995031055900621	5.8	0.0	11.4
SMPL=KA5|ORG=Aegilops_caudata_markgrafii|GENOMES=None|ITER=3|RANK=2|ORIG=CL9_TR_1_x_247nt	sample	KA5	projects/triticeae_F21FTSEUHT1241/samples/KA5/post_tarean/satminer/report/rich_table.tsv	KA5	Aegilops_caudata_markgrafii		3	2	Putative satellites (low confidence)	247	0.05	8.36923076923077	7.9	1.5	19.375
